name,data,.id,type,static,ttl,timestamp
google.com,ns4.google.com,*F7FD1,NS,False,14m34s,2023-11-17 09:45:48 WIB
google.com,ns2.google.com,*F7FD2,NS,False,14m34s,2023-11-17 09:45:48 WIB
google.com,ns3.google.com,*F7FD3,NS,False,14m34s,2023-11-17 09:45:48 WIB
google.com,ns1.google.com,*F7FD4,NS,False,14m34s,2023-11-17 09:45:48 WIB
,k.root-servers.net,*C5D5A7,NS,False,15m,2023-11-17 09:45:48 WIB
,b.root-servers.net,*C5D5A8,NS,False,15m,2023-11-17 09:45:48 WIB
,l.root-servers.net,*C5D5A9,NS,False,15m,2023-11-17 09:45:48 WIB
,e.root-servers.net,*C5D5AA,NS,False,15m,2023-11-17 09:45:48 WIB
,m.root-servers.net,*C5D5AB,NS,False,15m,2023-11-17 09:45:48 WIB
,f.root-servers.net,*C5D5AC,NS,False,15m,2023-11-17 09:45:48 WIB
,d.root-servers.net,*C5D5AD,NS,False,15m,2023-11-17 09:45:48 WIB
,g.root-servers.net,*C5D5AE,NS,False,15m,2023-11-17 09:45:48 WIB
,c.root-servers.net,*C5D5AF,NS,False,15m,2023-11-17 09:45:48 WIB
,a.root-servers.net,*C5D5B0,NS,False,15m,2023-11-17 09:45:48 WIB
,i.root-servers.net,*C5D5B1,NS,False,15m,2023-11-17 09:45:48 WIB
,h.root-servers.net,*C5D5B2,NS,False,15m,2023-11-17 09:45:48 WIB
,j.root-servers.net,*C5D5B3,NS,False,15m,2023-11-17 09:45:48 WIB
a.root-servers.net,198.41.0.4,*C5D5B4,A,False,15m,2023-11-17 09:45:48 WIB
ns1.google.com,2001:4860:4802:32::a,*E87747,AAAA,False,14m34s,2023-11-17 09:45:48 WIB
a.root-servers.net,2001:503:ba3e::2:30,*EA311D,AAAA,False,15m,2023-11-17 09:45:48 WIB
b.root-servers.net,2001:500:84::b,*EA311E,AAAA,False,15m,2023-11-17 09:45:48 WIB
c.root-servers.net,2001:500:2::c,*EA311F,AAAA,False,15m,2023-11-17 09:45:48 WIB
d.root-servers.net,2001:500:2d::d,*EA3120,AAAA,False,15m,2023-11-17 09:45:48 WIB
e.root-servers.net,2001:500:a8::e,*EA3121,AAAA,False,15m,2023-11-17 09:45:48 WIB
f.root-servers.net,2001:500:2f::f,*EA3122,AAAA,False,15m,2023-11-17 09:45:48 WIB
g.root-servers.net,2001:500:12::d0d,*EA3123,AAAA,False,15m,2023-11-17 09:45:48 WIB
ns4.google.com,2001:4860:4802:38::a,*EB2768,AAAA,False,14m34s,2023-11-17 09:45:48 WIB
ns4.google.com,216.239.38.10,*EB568E,A,False,14m34s,2023-11-17 09:45:48 WIB
h.root-servers.net,2001:500:1::53,*EE46F5,AAAA,False,15m,2023-11-17 09:45:48 WIB
h.root-servers.net,198.97.190.53,*EEF93C,A,False,14m59s,2023-11-17 09:45:48 WIB
c.root-servers.net,192.33.4.12,*F1EF26,A,False,15m,2023-11-17 09:45:48 WIB
g.root-servers.net,192.112.36.4,*F1EF27,A,False,15m,2023-11-17 09:45:48 WIB
ns2.google.com,2001:4860:4802:34::a,*F24FFB,AAAA,False,14m34s,2023-11-17 09:45:48 WIB
ns3.google.com,2001:4860:4802:36::a,*F24FFC,AAAA,False,14m34s,2023-11-17 09:45:48 WIB
ns3.google.com,216.239.36.10,*F25301,A,False,14m34s,2023-11-17 09:45:48 WIB
b.root-servers.net,2001:500:200::b,*F33748,AAAA,False,14m59s,2023-11-17 09:45:48 WIB
d.root-servers.net,199.7.91.13,*F45539,A,False,14m59s,2023-11-17 09:45:48 WIB
ns2.google.com,216.239.34.10,*F52CC4,A,False,14m34s,2023-11-17 09:45:48 WIB
f.root-servers.net,192.5.5.241,*F57B6A,A,False,15m,2023-11-17 09:45:48 WIB
ns1.google.com,216.239.32.10,*F584A9,A,False,14m34s,2023-11-17 09:45:48 WIB
trustpositif.kominfo.go.id,27.54.116.70,*F915F4,A,False,13m31s,2023-11-17 09:45:48 WIB
youtube.com,ns2.google.com,*F9D08C,NS,False,13m20s,2023-11-17 09:45:48 WIB
youtube.com,ns3.google.com,*F9D08D,NS,False,13m20s,2023-11-17 09:45:48 WIB
youtube.com,ns1.google.com,*F9D08E,NS,False,13m20s,2023-11-17 09:45:48 WIB
youtube.com,ns4.google.com,*F9D08F,NS,False,13m20s,2023-11-17 09:45:48 WIB
googleapis.com,ns2.google.com,*F9D8FF,NS,False,14m18s,2023-11-17 09:45:48 WIB
googleapis.com,ns1.google.com,*F9D900,NS,False,14m18s,2023-11-17 09:45:48 WIB
googleapis.com,ns3.google.com,*F9D901,NS,False,14m18s,2023-11-17 09:45:48 WIB
googleapis.com,ns4.google.com,*F9D902,NS,False,14m18s,2023-11-17 09:45:48 WIB
forcesafesearch.google.com,216.239.38.120,*F9D9AE,A,False,11m57s,2023-11-17 09:45:48 WIB
crl.root-x1.letsencrypt.org.edgekey.net,e8652.dscx.akamaiedge.net,*F9E611,CNAME,False,12m46s,2023-11-17 09:45:48 WIB
www.bing.com.edgekey.net,e86303.dscx.akamaiedge.net,*F9E648,CNAME,False,11m1s,2023-11-17 09:45:48 WIB
s-0005-teams.config.skype.com,config-teams.s-0005.s-msedge.net,*FA0BB9,CNAME,False,8m35s,2023-11-17 09:45:48 WIB
dns.google,8.8.8.8,*FA221B,A,False,4m2s,2023-11-17 09:45:48 WIB
dns.google,8.8.4.4,*FA221C,A,False,4m2s,2023-11-17 09:45:48 WIB
conn2.oppomobile.com.edgesuite.net,a1911.dscv.akamai.net,*FA285F,CNAME,False,7m30s,2023-11-17 09:45:48 WIB
oneclient.sfx.ms.edgekey.net,e9659.dspg.akamaiedge.net,*FA3B89,CNAME,False,9m15s,2023-11-17 09:45:48 WIB
googleusercontent.com,ns1.google.com,*FA4E20,NS,False,13m17s,2023-11-17 09:45:48 WIB
googleusercontent.com,ns2.google.com,*FA4E21,NS,False,13m17s,2023-11-17 09:45:48 WIB
googleusercontent.com,ns3.google.com,*FA4E22,NS,False,13m17s,2023-11-17 09:45:48 WIB
googleusercontent.com,ns4.google.com,*FA4E23,NS,False,13m17s,2023-11-17 09:45:48 WIB
i.root-servers.net,2001:7fe::53,*FA6C84,AAAA,False,15m,2023-11-17 09:45:48 WIB
j.root-servers.net,2001:503:c27::2:30,*FA6C85,AAAA,False,15m,2023-11-17 09:45:48 WIB
k.root-servers.net,2001:7fd::1,*FA6C86,AAAA,False,15m,2023-11-17 09:45:48 WIB
l.root-servers.net,199.7.83.42,*FA6C87,A,False,14m59s,2023-11-17 09:45:48 WIB
l.root-servers.net,2001:500:9f::42,*FA6C88,AAAA,False,15m,2023-11-17 09:45:48 WIB
m.root-servers.net,2001:dc3::35,*FA6C89,AAAA,False,15m,2023-11-17 09:45:48 WIB
i.root-servers.net,192.36.148.17,*FA6DFD,A,False,15m,2023-11-17 09:45:48 WIB
pull-cmaf-f16-gcp01.ttlivecdn.com.akamaized.net,a21.z.akamai.net,*FA8ED2,CNAME,False,9m54s,2023-11-17 09:45:48 WIB
pull-cmaf-f16-sg01.ttlivecdn.com.akamaized.net,a1371.z.akamai.net,*FA8EFD,CNAME,False,14m58s,2023-11-17 09:45:48 WIB
g.msn.com,g-msn-com-nsatc.trafficmanager.net,*FA92BC,CNAME,False,9m14s,2023-11-17 09:45:48 WIB
wildcard.f.tlu.dl.delivery.mp.microsoft.com.edgesuite.net,a1847.dscd.akamai.net,*FA952E,CNAME,False,12m37s,2023-11-17 09:45:48 WIB
fp2e7a.wpc.phicdn.net,152.195.38.76,*FA9B23,A,False,13m22s,2023-11-17 09:45:48 WIB
pull-cmaf-f16-va01.tiktokcdn.com.akamaized.net,pull-cmaf-f16-va01.tiktokcdn.com.bytegeo.akadns.net,*FA9D82,CNAME,False,12m53s,2023-11-17 09:45:48 WIB
pull-cmaf-f16-tt03.fcdn.us.tiktokcdn.com.akamaized.net,a1393.us.akamai.net,*FA9D98,CNAME,False,12m55s,2023-11-17 09:45:48 WIB
pull-cmaf-f16-tt03.fcdn.eu.tiktokcdn.com.akamaized.net,a1577.z.akamai.net,*FA9E02,CNAME,False,7m31s,2023-11-17 09:45:48 WIB
pull-cmaf-l16-tt01.tiktokcdn-us.com.akamaized.net,a1390.us.akamai.net,*FA9E06,CNAME,False,12m31s,2023-11-17 09:45:48 WIB
pull-cmaf-l16-gcp01.tiktokcdn.com.akamaized.net,a1837.z.akamai.net,*FA9F47,CNAME,False,4m51s,2023-11-17 09:45:48 WIB
pull-cmaf-f16-tt02.fcdn.us.tiktokv.com.akamaized.net,a1918.us.akamai.net,*FA9F9F,CNAME,False,12m56s,2023-11-17 09:45:48 WIB
pull-cmaf-f16-tt03.tiktokcdn.com.akamaized.net,a2018.z.akamai.net,*FAA03A,CNAME,False,12m55s,2023-11-17 09:45:48 WIB
pull-cmaf-f16-sg01.tiktokcdn.com.akamaized.net,a1857.z.akamai.net,*FAA0F4,CNAME,False,14m58s,2023-11-17 09:45:48 WIB
pull-cmaf-l16-va01.tiktokcdn.com.akamaized.net,a1947.z.akamai.net,*FAA13C,CNAME,False,9m55s,2023-11-17 09:45:48 WIB
pull-cmaf-f16-va01.ttlivecdn.com.akamaized.net,a1168.z.akamai.net,*FAA1A2,CNAME,False,9m55s,2023-11-17 09:45:48 WIB
api16-normal-c-useast1a.tiktokv.com.edgekey.net,e28622.api1.akamaiedge.net,*FAA429,CNAME,False,13m35s,2023-11-17 09:45:48 WIB
p16-oec-va.ibyteimg.com.edgesuite.net,a1790.dscb.akamai.net,*FAA8B3,CNAME,False,14m16s,2023-11-17 09:45:48 WIB
pull-cmaf-f16-tt02.tiktokcdn.com.akamaized.net,a116.us.akamai.net,*FAAFCD,CNAME,False,9m54s,2023-11-17 09:45:48 WIB
star.facebook.com,star.c10r.facebook.com,*FAB0D2,CNAME,False,12m39s,2023-11-17 09:45:48 WIB
pull-cmaf-f16-tt02-tt03.fcdn.eu.tiktokcdn.com.akamaized.net,a1491.z.akamai.net,*FAB42A,CNAME,False,9m55s,2023-11-17 09:45:48 WIB
api.weathercn.com.edgekey.net,e40031.b.akamaiedge.net,*FAC3B9,CNAME,False,7m14s,2023-11-17 09:45:48 WIB
crl.edge.digicert.com,fp2e7a.wpc.2be4.phicdn.net,*FACC21,CNAME,False,13m22s,2023-11-17 09:45:48 WIB
geo.prod.do.dsp.mp.microsoft.com,geo.prod.do.dsp.trafficmanager.net,*FAD141,CNAME,False,2m24s,2023-11-17 09:45:48 WIB
config.officeapps.live.com,prod.configsvc1.live.com.akadns.net,*FAD1F2,CNAME,False,4m5s,2023-11-17 09:45:48 WIB
fs-wildcard.microsoft.com.edgekey.net.globalredir.akadns.net,e16604.g.akamaiedge.net,*FAD2B6,CNAME,False,11m38s,2023-11-17 09:45:48 WIB
o.auntions.com,139.59.109.18,*FAD577,A,False,2m34s,2023-11-17 09:45:48 WIB
o.auntions.com,194.195.223.249,*FAD578,A,False,2m34s,2023-11-17 09:45:48 WIB
o.auntions.com,139.177.196.162,*FAD579,A,False,2m34s,2023-11-17 09:45:48 WIB
s-0005-office.config.skype.com,ecs-office.s-0005.s-msedge.net,*FAD70A,CNAME,False,13m53s,2023-11-17 09:45:48 WIB
p16-sign-sg.tiktokcdn.com.akamaized.net,a2047.mm2.akamai.net,*FADE81,CNAME,False,12m38s,2023-11-17 09:45:48 WIB
mon.tiktokv.com.edgesuite.net,a2047.r.akamai.net,*FAE1A0,CNAME,False,14m19s,2023-11-17 09:45:48 WIB
sadownload.mcafee.com,sadownload-r53.awsconsumer.mcafee.com,*FAE335,CNAME,False,2m39s,2023-11-17 09:45:48 WIB
sadownload-r53.awsconsumer.mcafee.com,sadownload.mcafee.com.edgesuite.net,*FAE336,CNAME,False,2m39s,2023-11-17 09:45:48 WIB
sadownload.mcafee.com.edgesuite.net,a866.dscd.akamai.net,*FAE337,CNAME,False,2m39s,2023-11-17 09:45:48 WIB
tnc16-platform-useast1a.tiktokv.com.edgekey.net,e28622.api2.akamaiedge.net,*FAE3A4,CNAME,False,14s,2023-11-17 09:45:48 WIB
p16-oec-common-useast2a.ibyteimg.com.edgesuite.net,a1837.b.akamai.net,*FAEEDD,CNAME,False,14m16s,2023-11-17 09:45:48 WIB
xlog16-normal-c-useast1a.tiktokv.com.edgekey.net,e28622.a.akamaiedge.net,*FAF0AF,CNAME,False,1m26s,2023-11-17 09:45:48 WIB
tie.presuant.com,139.177.196.162,*FAF128,A,False,4m38s,2023-11-17 09:45:48 WIB
tie.presuant.com,139.59.109.18,*FAF129,A,False,4m38s,2023-11-17 09:45:48 WIB
tie.presuant.com,194.195.223.249,*FAF12A,A,False,4m38s,2023-11-17 09:45:48 WIB
fp2e7a.wpc.2be4.phicdn.net,fp2e7a.wpc.phicdn.net,*FAF1DE,CNAME,False,13m22s,2023-11-17 09:45:48 WIB
edge-mqtt.facebook.com,mqtt.c10r.facebook.com,*FAF4FA,CNAME,False,9m48s,2023-11-17 09:45:48 WIB
clientconfigcdnvzeuno.azureedge.net,clientconfigcdnvzeuno.ec.azureedge.net,*FAF694,CNAME,False,1m54s,2023-11-17 09:45:48 WIB
clientconfigcdnvzeuno.ec.azureedge.net,scdn2d9c3.wpc.1a812d.nucdn.net,*FAF695,CNAME,False,1m54s,2023-11-17 09:45:48 WIB
scdn2d9c3.wpc.1a812d.nucdn.net,sni1gl.wpc.nucdn.net,*FAF696,CNAME,False,1m54s,2023-11-17 09:45:48 WIB
sni1gl.wpc.nucdn.net,152.199.39.108,*FAF697,A,False,1m54s,2023-11-17 09:45:48 WIB
pipe.skype.com,global.aria.events.data.trafficmanager.net,*FAF803,CNAME,False,11m55s,2023-11-17 09:45:48 WIB
officec2r.azureedge.net,officec2r.ec.azureedge.net,*FAF840,CNAME,False,7m35s,2023-11-17 09:45:48 WIB
scdn29004.wpc.15cd6a.iotacdn.net,sni1gl.wpc.iotacdn.net,*FAF843,CNAME,False,12m29s,2023-11-17 09:45:48 WIB
api16-core-c-useast1a.tiktokv.com.edgekey.net,e28622.api4.akamaiedge.net,*FAF93C,CNAME,False,4m47s,2023-11-17 09:45:48 WIB
azureedge.mdc.akamaized.net,a1879.dscw14.akamai.net,*FAF9EF,CNAME,False,5m2s,2023-11-17 09:45:48 WIB
wdcp.microsoft.com,wd-prod-cp.trafficmanager.net,*FAFA22,CNAME,False,3m5s,2023-11-17 09:45:48 WIB
mssdk-va.tiktokv.com.edgekey.net,e28622.a.akamaiedge.net,*FAFA60,CNAME,False,4m47s,2023-11-17 09:45:48 WIB
crl-symcprod.digicert.com,crl.edge.digicert.com,*FAFC5E,CNAME,False,13m22s,2023-11-17 09:45:48 WIB
pull-cmaf-f16-tt01.tiktokcdn.com.akamaized.net,a507.us.akamai.net,*FAFEAB,CNAME,False,12m32s,2023-11-17 09:45:48 WIB
web.whatsapp.com,mmx-ds.cdn.whatsapp.net,*FAFEC4,CNAME,False,0s,2023-11-17 09:45:48 WIB
2.au.download.windowsupdate.com,au.download.windowsupdate.com.edgesuite.net,*FAFED6,CNAME,False,0s,2023-11-17 09:45:48 WIB
ntp.msn.com,www-msn-com.a-0003.a-msedge.net,*FAFEDC,CNAME,False,0s,2023-11-17 09:45:48 WIB
dragate-sg.dc.oppomobile.com,sgp-bigdata-obus-nlb-pub-w10pqpd-ad7035ef6f5209b1.elb.ap-southeast-1.amazonaws.com,*FAFF07,CNAME,False,1s,2023-11-17 09:45:48 WIB
3.tlu.dl.delivery.mp.microsoft.com,3.tlu.dl.delivery.mp.microsoft.com.c.footprint.net,*FAFF2F,CNAME,False,11s,2023-11-17 09:45:48 WIB
graph.facebook.com,star.c10r.facebook.com,*FAFF69,CNAME,False,3m7s,2023-11-17 09:45:48 WIB
edge-http.microsoft.com,edge-microsoft-com.b-0005.b-msedge.net,*FAFF6B,CNAME,False,22s,2023-11-17 09:45:48 WIB
srtb.msn.com,www.msn.com,*FAFFAD,CNAME,False,29s,2023-11-17 09:45:48 WIB
www.msn.com,www-msn-com.a-0003.a-msedge.net,*FAFFAE,CNAME,False,29s,2023-11-17 09:45:48 WIB
i5.weather.oppomobile.com.edgesuite.net,a1876.dscd.akamai.net,*FAFFDA,CNAME,False,1m18s,2023-11-17 09:45:48 WIB
www.tiktok.com,www.tiktok.com.edgesuite.net,*FB0004,CNAME,False,49s,2023-11-17 09:45:48 WIB
www.tiktok.com.edgesuite.net,a2047.api10.akamai.net,*FB0005,CNAME,False,49s,2023-11-17 09:45:48 WIB
lf16-oversea.goofy-cdn.com.edgesuite.net,a633.b.akamai.net,*FB0015,CNAME,False,50s,2023-11-17 09:45:48 WIB
sf16-website-login.neutral.ttwstatic.com,sf16-website-login.neutral.ttwstatic.com.edgesuite.net,*FB001A,CNAME,False,50s,2023-11-17 09:45:48 WIB
sf16-website-login.neutral.ttwstatic.com.edgesuite.net,a1015.mm2.akamai.net,*FB001B,CNAME,False,50s,2023-11-17 09:45:48 WIB
location.apps.oppomobile.com.edgesuite.net,a1809.dscb.akamai.net,*FB002A,CNAME,False,2m28s,2023-11-17 09:45:48 WIB
search16-normal-c-useast1a.tiktokv.com.edgekey.net,e28622.a.akamaiedge.net,*FB006C,CNAME,False,58s,2023-11-17 09:45:48 WIB
api.twitter.com,tpop-api.twitter.com,*FB00E6,CNAME,False,1m24s,2023-11-17 09:45:48 WIB
cs296.wpc.edgecastcdn.net,cs2-wpc.apr-8315.edgecastdns.net,*FB00F1,CNAME,False,1m24s,2023-11-17 09:45:48 WIB
cs189.wpc.edgecastcdn.net,192.229.232.217,*FB00F4,A,False,1m24s,2023-11-17 09:45:48 WIB
smr-va.tiktokv.com.edgekey.net,e28622.a.akamaiedge.net,*FB010E,CNAME,False,1m27s,2023-11-17 09:45:48 WIB
api.msn.com,api-msn-com.a-0003.a-msedge.net,*FB0135,CNAME,False,1m47s,2023-11-17 09:45:48 WIB
g.whatsapp.net,chat.cdn.whatsapp.net,*FB0161,CNAME,False,1m57s,2023-11-17 09:45:48 WIB
bit.pilutce.com,tie.presuant.com,*FB0178,CNAME,False,4m38s,2023-11-17 09:45:48 WIB
storeedgefd.dsx.mp.microsoft.com,storeedgefd.xbetservices.akadns.net,*FB01B9,CNAME,False,2m21s,2023-11-17 09:45:48 WIB
storeedgefd.dsx.mp.microsoft.com.edgekey.net.globalredir.akadns.net,e16646.dscg.akamaiedge.net,*FB01BC,CNAME,False,12m45s,2023-11-17 09:45:48 WIB
array501.prod.do.dsp.mp.microsoft.com,40.70.229.150,*FB01D9,A,False,2m24s,2023-11-17 09:45:48 WIB
cdn.o6.edgekey.net,e5048.dsca.akamaiedge.net,*FB026F,CNAME,False,8m34s,2023-11-17 09:45:48 WIB
p16-sign.tiktokcdn-us.com,p16-sign.tiktokcdn-us.com.edgesuite.net,*FB028C,CNAME,False,2m51s,2023-11-17 09:45:48 WIB
p16-sign.tiktokcdn-us.com.edgesuite.net,a2047.mm3.akamai.net,*FB028D,CNAME,False,2m51s,2023-11-17 09:45:48 WIB
geover.prod.do.dsp.mp.microsoft.com.edgekey.net,e10370.d.akamaiedge.net,*FB02A8,CNAME,False,4m22s,2023-11-17 09:45:48 WIB
cs12.wpc.v0cdn.net,192.229.232.240,*FB02C1,A,False,4m22s,2023-11-17 09:45:48 WIB
aws-static.snackvideo.in,d2xt6q9jpxckau.cloudfront.net,*FB02C8,CNAME,False,2m55s,2023-11-17 09:45:48 WIB
mbasic.facebook.com,touch.facebook.com,*FB030B,CNAME,False,3m2s,2023-11-17 09:45:48 WIB
touch.facebook.com,star.facebook.com,*FB030C,CNAME,False,3m2s,2023-11-17 09:45:48 WIB
windows.msn.com,www-msn-com.a-0003.a-msedge.net,*FB0315,CNAME,False,3m8s,2023-11-17 09:45:48 WIB
ads.stickyadstv.com,ip1.ads.stickyadstv.com.akadns.net,*FB034C,CNAME,False,3m14s,2023-11-17 09:45:48 WIB
v16-ad.byteoversea.com.edgesuite.net,a156.w155.akamai.net,*FB0378,CNAME,False,3m26s,2023-11-17 09:45:48 WIB
apidapo-support.kemdikbud.go.id,118.98.166.209,*FB0380,A,False,3m26s,2023-11-17 09:45:48 WIB
decide.mixpanel.com,api.mixpanel.com,*FB03A3,CNAME,False,3m31s,2023-11-17 09:45:48 WIB
www.vidio.com.edgesuite.net,a1484.b.akamai.net,*FB03D6,CNAME,False,14m12s,2023-11-17 09:45:48 WIB
launches.appsflyer.com,conversions.appsflyer.com,*FB03E6,CNAME,False,3m37s,2023-11-17 09:45:48 WIB
api.vidio.com.edgesuite.net,a1431.b.akamai.net,*FB03EF,CNAME,False,14m13s,2023-11-17 09:45:48 WIB
4.tlu.dl.delivery.mp.microsoft.com,msftstorebg.s.llnwi.net,*FB03F8,CNAME,False,3m42s,2023-11-17 09:45:48 WIB
config.inmobi.com,config-inmobi-comtm.trafficmanager.net,*FB03FA,CNAME,False,3m42s,2023-11-17 09:45:48 WIB
config-server-eastus.trafficmanager.inmobi.com,config-server-eastus.trafficmanager.net,*FB03FC,CNAME,False,3m47s,2023-11-17 09:45:48 WIB
config.eastus-ssp.appgw.inmobi.com,20.39.59.188,*FB03FE,A,False,3m47s,2023-11-17 09:45:48 WIB
thumbor.prod.vidiocdn.com.edgesuite.net,a11.d.akamai.net,*FB0419,CNAME,False,3m43s,2023-11-17 09:45:48 WIB
mdp-appconf-us.heytapdl.com.edgesuite.net,a201.v.akamai.net,*FB0429,CNAME,False,3m47s,2023-11-17 09:45:48 WIB
v16.tiktokcdn.com.edgesuite.net,a1962.w155.akamai.net,*FB042E,CNAME,False,10m30s,2023-11-17 09:45:48 WIB
dmd.metaservices.microsoft.com,devicemetadataservice.prod.trafficmanager.net,*FB0438,CNAME,False,3m47s,2023-11-17 09:45:48 WIB
c.go-mpulse.net,wildcard46.go-mpulse.net.edgekey.net,*FB04AF,CNAME,False,4m4s,2023-11-17 09:45:48 WIB
wildcard46.go-mpulse.net.edgekey.net,e4518.dscapi7.akamaiedge.net,*FB04B0,CNAME,False,4m4s,2023-11-17 09:45:48 WIB
officeclient.microsoft.com,config.officeapps.live.com,*FB04B2,CNAME,False,4m5s,2023-11-17 09:45:48 WIB
probe.twitter.com,probe-t.twitter.com,*FB04B8,CNAME,False,4m6s,2023-11-17 09:45:48 WIB
probe-t.twitter.com,104.244.42.195,*FB04B9,A,False,4m6s,2023-11-17 09:45:48 WIB
probe-t.twitter.com,104.244.42.3,*FB04BA,A,False,4m6s,2023-11-17 09:45:48 WIB
probe-t.twitter.com,104.244.42.67,*FB04BB,A,False,4m6s,2023-11-17 09:45:48 WIB
probe-t.twitter.com,104.244.42.131,*FB04BC,A,False,4m6s,2023-11-17 09:45:48 WIB
sqm.telemetry.microsoft.com,65.55.252.93,*FB04F1,A,False,4m14s,2023-11-17 09:45:48 WIB
tlu-dcat.azureedge.net,tlu-dcat.ec.azureedge.net,*FB0500,CNAME,False,4m22s,2023-11-17 09:45:48 WIB
geover.prod.do.dsp.mp.microsoft.com,geover.prod.do.dsp.mp.microsoft.com.edgekey.net,*FB0501,CNAME,False,4m22s,2023-11-17 09:45:48 WIB
kv601.prod.do.dsp.mp.microsoft.com.edgekey.net,e12358.d.akamaiedge.net,*FB0504,CNAME,False,4m25s,2023-11-17 09:45:48 WIB
service.weather.microsoft.com,wildcard.weather.microsoft.com.edgekey.net,*FB0532,CNAME,False,4m36s,2023-11-17 09:45:48 WIB
finance.services.appex.bing.com,finance.services.appex.bing.com.edgekey.net,*FB0533,CNAME,False,4m36s,2023-11-17 09:45:48 WIB
finance.services.appex.bing.com.edgekey.net,e5212.g.akamaiedge.net,*FB0534,CNAME,False,4m36s,2023-11-17 09:45:48 WIB
id-id.appex-rf.msn.com,secure.appex-rf.msn.com.edgekey.net,*FB0536,CNAME,False,4m36s,2023-11-17 09:45:48 WIB
secure.appex-rf.msn.com.edgekey.net,e2138.g.akamaiedge.net,*FB0537,CNAME,False,4m36s,2023-11-17 09:45:48 WIB
node1.btccuracao.com,188.214.30.78,*FB055B,A,False,4m40s,2023-11-17 09:45:48 WIB
config.teams.microsoft.com,config.teams.trafficmanager.net,*FB0563,CNAME,False,4m42s,2023-11-17 09:45:48 WIB
obus-dc20123-sg.heytapmobile.com,sgp-bigdata-obus-nlb-fo-zflro7u-b3804b7e6999e912.elb.ap-southeast-1.amazonaws.com,*FB0567,CNAME,False,4m43s,2023-11-17 09:45:48 WIB
ctldl.windowsupdate.com,wu-bg-shim.trafficmanager.net,*FB0738,CNAME,False,4m50s,2023-11-17 09:45:48 WIB
pull-flv-l1-gcp01.tiktokcdn.com,pull-flv-l1-gcp01.tiktokcdn.com.wsdvs.com,*FB0772,CNAME,False,7m28s,2023-11-17 09:45:48 WIB
pull-flv-l11-gcp01.tiktokcdn.com,pull-flv-l11-gcp01.tiktokcdn.com.qlivecdn.com,*FB0796,CNAME,False,2m4s,2023-11-17 09:45:48 WIB
r-id.ls.glanceapis.com,r-id.ls.glance-internal.inmobi.com,*FB07B6,CNAME,False,4m51s,2023-11-17 09:45:48 WIB
tsfe.trafficshaping.dsp.mp.microsoft.com,tsfe.trafficmanager.net,*FB07CC,CNAME,False,4m58s,2023-11-17 09:45:48 WIB
bam.nr-data.net,bam.cell.nr-data.net,*FB07D0,CNAME,False,5m,2023-11-17 09:45:48 WIB
um15.eset.com,185.94.157.11,*FB07F4,A,False,5m8s,2023-11-17 09:45:48 WIB
static-playback.prod.vidiocdn.com.edgesuite.net,a2033.d.akamai.net,*FB081F,CNAME,False,13s,2023-11-17 09:45:48 WIB
token-media-vidio-com.akamaized.net,a1887.v.akamai.net,*FB0827,CNAME,False,5m22s,2023-11-17 09:45:48 WIB
dl.delivery.mp.microsoft.com,dcat-nlu-fg-shim.trafficmanager.net,*FB085B,CNAME,False,5m32s,2023-11-17 09:45:48 WIB
dl.delivery.mp.microsoft.com-c.edgesuite.net,a1683.dscd.akamai.net,*FB085D,CNAME,False,5m32s,2023-11-17 09:45:48 WIB
sni1gl.wpc.iotacdn.net,152.199.39.108,*FB0865,A,False,12m29s,2023-11-17 09:45:48 WIB
dcintl3.push.oppomobile.com,sgp-opush-heytapmobile--48rh3h2-f20fbc5e9c1a423e.elb.ap-southeast-1.amazonaws.com,*FB087D,CNAME,False,26s,2023-11-17 09:45:48 WIB
common-eipb-ak.spotifycdn.com.edgesuite.net,squadcdn.scdn.co.splitter-eip.akadns.net,*FB089F,CNAME,False,5m45s,2023-11-17 09:45:48 WIB
cs1404.wpc.epsiloncdn.net,152.199.43.62,*FB08A5,A,False,5m45s,2023-11-17 09:45:48 WIB
www.msftncsi.com,www.msftncsi.com.edgesuite.net,*FB08AF,CNAME,False,5m47s,2023-11-17 09:45:48 WIB
mmp.unja.ac.id,124.158.168.78,*FB08CD,A,False,5m53s,2023-11-17 09:45:48 WIB
gjapplog.ucweb.com,applog.la4lbg.uae2grp.ucweb.com,*FB08EC,CNAME,False,20s,2023-11-17 09:45:48 WIB
edge.microsoft.com,edge-microsoft-com.dual-a-0036.a-msedge.net,*FB08FD,CNAME,False,6m7s,2023-11-17 09:45:48 WIB
business.bing.com,business-bing-com.b-0005.b-msedge.net,*FB0902,CNAME,False,6m7s,2023-11-17 09:45:48 WIB
bzib.nelreports.net,bzib.nelreports.net.akamaized.net,*FB0906,CNAME,False,6m7s,2023-11-17 09:45:48 WIB
bzib.nelreports.net.akamaized.net,a416.dscd.akamai.net,*FB0907,CNAME,False,6m7s,2023-11-17 09:45:48 WIB
activity.windows.com,activity-consumer.trafficmanager.net,*FB093F,CNAME,False,6m24s,2023-11-17 09:45:48 WIB
fd.api.iris.microsoft.com,fd-api-iris.trafficmanager.net,*FB0951,CNAME,False,6m32s,2023-11-17 09:45:48 WIB
aaaa.usa-138.com,203.124.11.111,*FB0993,A,False,6m58s,2023-11-17 09:45:48 WIB
msedge.b.tlu.dl.delivery.mp.microsoft.com,cdp-tlu-shim.trafficmanager.net,*FB09C1,CNAME,False,7m7s,2023-11-17 09:45:48 WIB
um16.eset.com,38.90.226.44,*FB09CB,A,False,7m8s,2023-11-17 09:45:48 WIB
statics.teams.cdn.live.net.edgesuite.net,a1996.dscd.akamai.net,*FB09E1,CNAME,False,7m13s,2023-11-17 09:45:48 WIB
cs505.wac.edgecastcdn.net,192.229.237.101,*FB09EA,A,False,54s,2023-11-17 09:45:48 WIB
www.msftconnecttest.com,ncsi-geo.trafficmanager.net,*FB09FA,CNAME,False,7m17s,2023-11-17 09:45:48 WIB
ncsi-geo.trafficmanager.net,www.msftncsi.com.edgesuite.net,*FB09FB,CNAME,False,7m17s,2023-11-17 09:45:48 WIB
teams.live.com,s-0005.s-msedge.net,*FB09FE,CNAME,False,1m38s,2023-11-17 09:45:48 WIB
client.wns.windows.com,wns.notify.trafficmanager.net,*FB0A01,CNAME,False,7m18s,2023-11-17 09:45:48 WIB
fe3cr.delivery.mp.microsoft.com,fe3.delivery.mp.microsoft.com,*FB0A04,CNAME,False,1m21s,2023-11-17 09:45:48 WIB
fe3.delivery.mp.microsoft.com,glb.cws.prod.dcat.dsp.trafficmanager.net,*FB0A05,CNAME,False,7m18s,2023-11-17 09:45:48 WIB
fastly-tls12-bam.nr-data.net,162.247.243.29,*FB0A19,A,False,3m3s,2023-11-17 09:45:48 WIB
array517.prod.do.dsp.mp.microsoft.com,52.242.101.140,*FB0A38,A,False,7m28s,2023-11-17 09:45:48 WIB
conn2.oppomobile.com,conn2.oppomobile.com.edgesuite.net,*FB0A41,CNAME,False,19s,2023-11-17 09:45:48 WIB
m.sohu.com,m.sohu.com.dsa.dnsv1.com,*FB0A45,CNAME,False,26s,2023-11-17 09:45:48 WIB
m.sohu.com.dsa.dnsv1.com,qt0t6l4k.e0.sched.ovscdns.com,*FB0A46,CNAME,False,2m28s,2023-11-17 09:45:48 WIB
gateway.facebook.com,dgw.c10r.facebook.com,*FB0A6D,CNAME,False,7m37s,2023-11-17 09:45:48 WIB
hkhkg2.icloud-content.com,hkhkg2.ce.apple-dns.net,*FB0A75,CNAME,False,1m14s,2023-11-17 09:45:48 WIB
p16-sign-va.tiktokcdn.com,p16-sign-va.tiktokcdn.com.akamaized.net,*FB0ABD,CNAME,False,7m54s,2023-11-17 09:45:48 WIB
p16-sign-va.tiktokcdn.com.akamaized.net,a2047.mm2.akamai.net,*FB0ABE,CNAME,False,7m54s,2023-11-17 09:45:48 WIB
p16-sign-useast2a.tiktokcdn.com,p16-sign-useast2a.tiktokcdn.com.akamaized.net,*FB0ACC,CNAME,False,53s,2023-11-17 09:45:48 WIB
p16-sign-useast2a.tiktokcdn.com.akamaized.net,a2047.mm2.akamai.net,*FB0ACD,CNAME,False,7m54s,2023-11-17 09:45:48 WIB
uci.cdn.office.net,uci.cdn.office.net.edgekey.net,*FB0AFD,CNAME,False,6m56s,2023-11-17 09:45:48 WIB
uci.cdn.office.net.edgekey.net,e1324.dscd.akamaiedge.net,*FB0AFE,CNAME,False,8m8s,2023-11-17 09:45:48 WIB
watson.telemetry.microsoft.com,blobcollector.events.data.trafficmanager.net,*FB0B00,CNAME,False,8m9s,2023-11-17 09:45:48 WIB
tile-service.weather.microsoft.com,wildcard.weather.microsoft.com.edgekey.net,*FB0B05,CNAME,False,5m43s,2023-11-17 09:45:48 WIB
www.bing.com,www-www.bing.com.trafficmanager.net,*FB0B12,CNAME,False,8m17s,2023-11-17 09:45:48 WIB
ncc.avast.com.edgesuite.net,a1488.dscd.akamai.net,*FB0B64,CNAME,False,8m24s,2023-11-17 09:45:48 WIB
analytics.ff.avast.com,analytics-prod-gcp.ff.avast.com,*FB0B6C,CNAME,False,8m24s,2023-11-17 09:45:48 WIB
analytics-prod-gcp.ff.avast.com,34.117.223.223,*FB0B6D,A,False,8m24s,2023-11-17 09:45:48 WIB
r.bing.com,p-static.bing.trafficmanager.net,*FB0B73,CNAME,False,8m26s,2023-11-17 09:45:48 WIB
browser.events.data.msn.com,global.asimov.events.data.trafficmanager.net,*FB0BA8,CNAME,False,8m33s,2023-11-17 09:45:48 WIB
c.msn.com,c-msn-com-nsatc.trafficmanager.net,*FB0BAD,CNAME,False,8m33s,2023-11-17 09:45:48 WIB
r.msftstatic.com,r-msftstatic-com.a-0016.a-msedge.net,*FB0BBE,CNAME,False,8m33s,2023-11-17 09:45:48 WIB
www.microsoft.com,www.microsoft.com-c-3.edgekey.net,*FB0BD8,CNAME,False,8m35s,2023-11-17 09:45:48 WIB
time.apple.com,time.g.aaplimg.com,*FB0BE5,CNAME,False,1m1s,2023-11-17 09:45:48 WIB
lockunlock.api.axis.co.id,lb.api.axisnet.xlaxiata.id,*FB0BFD,CNAME,False,8m38s,2023-11-17 09:45:48 WIB
cs.dds.microsoft.com,cs-geo-dds.trafficmanager.net,*FB0C21,CNAME,False,4m47s,2023-11-17 09:45:48 WIB
graph.instagram.com,instagram.c10r.instagram.com,*FB0C31,CNAME,False,8m46s,2023-11-17 09:45:48 WIB
z-p42-chat-e2ee-ig.facebook.com,chat-e2ee-ig-p42.c10r.facebook.com,*FB0C3A,CNAME,False,8m47s,2023-11-17 09:45:48 WIB
ilockcardf.realme.com,sgp-realmeservice-realme-pubgw-186043996.ap-southeast-1.elb.amazonaws.com,*FB0C3C,CNAME,False,8m47s,2023-11-17 09:45:48 WIB
api.facebook.com,star.c10r.facebook.com,*FB0C3F,CNAME,False,8m47s,2023-11-17 09:45:48 WIB
inference.location.live.net,inference-location-livenet.trafficmanager.net,*FB0C43,CNAME,False,8m48s,2023-11-17 09:45:48 WIB
cname-asia-exappupgrade.vivoglobal.com,156.59.238.26,*FB0C4B,A,False,0s,2023-11-17 09:45:48 WIB
p16-amd-va.tiktokcdn.com,p16-amd-va.tiktokcdn.com.akamaized.net,*FB0C80,CNAME,False,9m2s,2023-11-17 09:45:48 WIB
p16-amd-va.tiktokcdn.com.akamaized.net,a2047.mm2.akamai.net,*FB0C81,CNAME,False,9m2s,2023-11-17 09:45:48 WIB
fs-wildcard.microsoft.com.edgekey.net,fs-wildcard.microsoft.com.edgekey.net.globalredir.akadns.net,*FB0CC2,CNAME,False,3m55s,2023-11-17 09:45:48 WIB
pkgsinglecheckout.api.axis.co.id,lb.api.axisnet.xlaxiata.id,*FB0CD0,CNAME,False,9m11s,2023-11-17 09:45:48 WIB
packages.api.axis.co.id,lb.api.axisnet.xlaxiata.id,*FB0CD3,CNAME,False,9m11s,2023-11-17 09:45:48 WIB
au.b1.download.windowsupdate.com,wu-bg-shim.trafficmanager.net,*FB0CE0,CNAME,False,9m18s,2023-11-17 09:45:48 WIB
wu-bg-shim.trafficmanager.net,fg.download.windowsupdate.com.c.footprint.net,*FB0CE1,CNAME,False,38s,2023-11-17 09:45:48 WIB
ipv4only.arpa,192.0.0.171,*FB0D40,A,False,9m27s,2023-11-17 09:45:48 WIB
ipv4only.arpa,192.0.0.170,*FB0D41,A,False,9m27s,2023-11-17 09:45:48 WIB
example.org,93.184.216.34,*FB0D42,A,False,9m27s,2023-11-17 09:45:48 WIB
prod.detectportal.prod.cloudops.mozgcp.net,34.107.221.82,*FB0D45,A,False,10m26s,2023-11-17 09:45:48 WIB
prod.detectportal.prod.cloudops.mozgcp.net,2600:1901:0:38d7::,*FB0D5F,AAAA,False,9m27s,2023-11-17 09:45:48 WIB
cdn.content.prod.cms.msn.com,cdn.content.prod.cms.msn.com.edgekey.net,*FB0D6E,CNAME,False,9m31s,2023-11-17 09:45:48 WIB
mgs-gw.m.dana.id.edgesuite.net,a976.r.akamai.net,*FB0D85,CNAME,False,9m41s,2023-11-17 09:45:48 WIB
licensing.mp.microsoft.com,consumer-licensing-aks2aks.md.mp.microsoft.com.akadns.net,*FB0D89,CNAME,False,9m33s,2023-11-17 09:45:48 WIB
cs9.wpc.v0cdn.net,117.18.232.200,*FB0DA2,A,False,9m37s,2023-11-17 09:45:48 WIB
win10.ipv6.microsoft.com,onpremwindows.ipv6.microsoft.com.akadns.net,*FB0DCB,CNAME,False,9m40s,2023-11-17 09:45:48 WIB
genuine.adobe.com,prod.adobegenuine.com,*FB0DE0,CNAME,False,9m42s,2023-11-17 09:45:48 WIB
m.facebook.com,star-mini.c10r.facebook.com,*FB0DE5,CNAME,False,7m32s,2023-11-17 09:45:48 WIB
www.instagram.com,geo-p42.instagram.com,*FB0DE6,CNAME,False,9m42s,2023-11-17 09:45:48 WIB
geo-p42.instagram.com,z-p42-instagram.c10r.instagram.com,*FB0DE7,CNAME,False,51s,2023-11-17 09:45:48 WIB
a.m.dana.id.edgesuite.net,a383.r.akamai.net,*FB0DEA,CNAME,False,9m42s,2023-11-17 09:45:48 WIB
crs.cr.adobe.com,crlog-crcn.adobe.com,*FB0DFD,CNAME,False,9m46s,2023-11-17 09:45:48 WIB
crlog-crcn.adobe.com,192.147.130.166,*FB0DFE,A,False,9m46s,2023-11-17 09:45:48 WIB
pull-c5-gcp01.tiktokcdn.com,pull-c5-gcp01.tiktokcdn.com.c.bytefcdn-ttpeu.com,*FB0E23,CNAME,False,32s,2023-11-17 09:45:48 WIB
pull-flv-f11-sg01.tiktokcdn.com,pull-flv-f11-sg01.tiktokcdn.com.qlivecdn.com,*FB0E4D,CNAME,False,50s,2023-11-17 09:45:48 WIB
pull-cmaf-l77-gcp01.tiktokcdn.com,1276298696.rsc.cdn77.org,*FB0E7C,CNAME,False,4m10s,2023-11-17 09:45:48 WIB
pull-cmaf-l16-sg01.tiktokcdn.com,pull-cmaf-l16-sg01.tiktokcdn.com.akamaized.net,*FB0EAE,CNAME,False,2m39s,2023-11-17 09:45:48 WIB
pull-hls-l77-gcp01.tiktokcdn.com,1276298696.rsc.cdn77.org,*FB0EB3,CNAME,False,27s,2023-11-17 09:45:48 WIB
pull-f5-vr-sg01.tiktokcdn.com,pull-f5-vr-sg01.tiktokcdn.com.c.bytefcdn-oversea.com,*FB0EB4,CNAME,False,1m19s,2023-11-17 09:45:48 WIB
pull-cmaf-f16-tt03.fcdn.eu.tiktokcdn.com,pull-cmaf-f16-tt03.fcdn.eu.tiktokcdn.com.akamaized.net,*FB0EC7,CNAME,False,3m21s,2023-11-17 09:45:48 WIB
pull-flv-f77-tt01-tt03.fcdn.eu.tiktokcdn.com,1453470831.rsc.cdn77.org,*FB0EDA,CNAME,False,2m44s,2023-11-17 09:45:48 WIB
pull-cmaf-f16-gcp01.ttlivecdn.com,pull-cmaf-f16-gcp01.ttlivecdn.com.akamaized.net,*FB0EE0,CNAME,False,2m52s,2023-11-17 09:45:48 WIB
pull-cmaf-f77-sg01.tiktokcdn.com,1447723502.rsc.cdn77.org,*FB0EE9,CNAME,False,18s,2023-11-17 09:45:48 WIB
pull-flv-f62-sg01.tiktokcdn.com,pull-flv-f62-sg01.tiktokcdn.com.c.live.rocket-cdnbp.com,*FB0EF1,CNAME,False,3m10s,2023-11-17 09:45:48 WIB
pull-flv-l11-sg01.tiktokcdn.com,pull-flv-l11-sg01.tiktokcdn.com.qlivecdn.com,*FB0EF7,CNAME,False,57s,2023-11-17 09:45:48 WIB
pull-cmaf-f16-tt02.tiktokcdn.com,pull-cmaf-f16-tt02.tiktokcdn.com.akamaized.net,*FB0F13,CNAME,False,3m4s,2023-11-17 09:45:48 WIB
pull-flv-l77-gcp01.tiktokcdn.com,1365538595.rsc.cdn77.org,*FB0F16,CNAME,False,21s,2023-11-17 09:45:48 WIB
pull-o5-gcp01.tiktokcdn.com,pull-o5-gcp01.tiktokcdn.com.c.bytefcdn-oversea.com,*FB0F1B,CNAME,False,4m19s,2023-11-17 09:45:48 WIB
pull-flv-l10-sg01.tiktokcdn.com,pull-flv-l10-sg01.tiktokcdn.com.rocket-cdn.com,*FB0F25,CNAME,False,0s,2023-11-17 09:45:48 WIB
pull-flv-l77-va01.tiktokcdn.com,1394501235.rsc.cdn77.org,*FB0F42,CNAME,False,2m9s,2023-11-17 09:45:48 WIB
pull-o5-sg01.tiktokcdn.com,pull-o5-sg01.tiktokcdn.com.c.bytefcdn-oversea.com,*FB0F71,CNAME,False,3m18s,2023-11-17 09:45:48 WIB
pull-q5-va01.fcdn.eu.tiktokcdn.com,pull-q5-va01.fcdn.eu.tiktokcdn.com.c.bytefcdn-ttpeu.com,*FB0F75,CNAME,False,2m54s,2023-11-17 09:45:48 WIB
pull-hls-l77-va01.tiktokcdn.com,1276298696.rsc.cdn77.org,*FB0F9D,CNAME,False,12s,2023-11-17 09:45:48 WIB
pull-cmaf-f16-va01.ttlivecdn.com,pull-cmaf-f16-va01.ttlivecdn.com.akamaized.net,*FB0FAB,CNAME,False,13s,2023-11-17 09:45:48 WIB
pull-w5-gcp01.tiktokcdn.com,pull-w5-gcp01.tiktokcdn.com.c.bytefcdn-oversea.com,*FB0FBD,CNAME,False,4m28s,2023-11-17 09:45:48 WIB
pull-flv-f77-gcp01.tiktokcdn.com,1810366965.rsc.cdn77.org,*FB0FBF,CNAME,False,45s,2023-11-17 09:45:48 WIB
pull-q5-va01.tiktokcdn-us.com,pull-q5-va01.tiktokcdn-us.com.c.worldfcdn2.com,*FB0FC5,CNAME,False,2m52s,2023-11-17 09:45:48 WIB
pull-f5-gcp01.tiktokcdn.com,pull-f5-gcp01.tiktokcdn.com.c.bytefcdn-oversea.com,*FB0FD6,CNAME,False,0s,2023-11-17 09:45:48 WIB
pull-cmaf-l10-gcp01.tiktokcdn.com,pull-cmaf-l10-gcp01.tiktokcdn.com.rocket-cdn.com,*FB0FEE,CNAME,False,1m12s,2023-11-17 09:45:48 WIB
pull-flv-f62-va01.tiktokcdn.com,pull-flv-f62-va01.tiktokcdn.com.c.live.rocket-cdnbp.com,*FB100A,CNAME,False,1m7s,2023-11-17 09:45:48 WIB
pull-flv-f77-tt01.tiktokcdn.com,1203888015.rsc.cdn77.org,*FB1022,CNAME,False,3m52s,2023-11-17 09:45:48 WIB
pull-flv-f61-va01.tiktokcdn.com,fk8omwirn7.mncdn.com,*FB1046,CNAME,False,3m13s,2023-11-17 09:45:48 WIB
pull-flv-l16-sg01.tiktokcdn.com,pull-flv-l16-sg01.tiktokcdn.com.atomile.com,*FB104B,CNAME,False,2m45s,2023-11-17 09:45:48 WIB
pull-flv-l10-gcp01.tiktokcdn.com,pull-flv-l10-gcp01.tiktokcdn.com.rocket-cdn.com,*FB1054,CNAME,False,10s,2023-11-17 09:45:48 WIB
pull-o5-va01.tiktokcdn.com,pull-o5-va01.tiktokcdn.com.c.bytefcdn-oversea.com,*FB105D,CNAME,False,47s,2023-11-17 09:45:48 WIB
pull-flv-f77-tt02.fcdn.us.tiktokv.com,1561539925.rsc.cdn77.org,*FB1074,CNAME,False,18s,2023-11-17 09:45:48 WIB
pull-a5-gcp01.tiktokcdn.com,pull-a5-gcp01.tiktokcdn.com.c.bytefcdn-oversea.com,*FB108D,CNAME,False,32s,2023-11-17 09:45:48 WIB
log.byteoversea.com,log.byteoversea.com.edgekey.net,*FB1090,CNAME,False,4m3s,2023-11-17 09:45:48 WIB
log.byteoversea.com.edgekey.net,e11942.api5.akamaiedge.net,*FB1091,CNAME,False,9m57s,2023-11-17 09:45:48 WIB
api22-normal-quic-alisg.tmtreader.com,direct.quic-mix-proxy-gcpsg-v3.gcpsg.byteglb.com,*FB109E,CNAME,False,1m2s,2023-11-17 09:45:48 WIB
p16-novel-sg.ibyteimg.com,p16-novel-sg.ibyteimg.com.edgesuite.net,*FB10A0,CNAME,False,2m39s,2023-11-17 09:45:48 WIB
p16-novel-sg.ibyteimg.com.edgesuite.net,a1944.b.akamai.net,*FB10A1,CNAME,False,9m57s,2023-11-17 09:45:48 WIB
p19-novel-sg.ibyteimg.com,bytedance.map.fastly.net,*FB10A4,CNAME,False,16s,2023-11-17 09:45:48 WIB
p16-novel-sign-sg.fizzopic.org,p16-novel-sign-sg.fizzopic.org.edgesuite.net,*FB10A6,CNAME,False,0s,2023-11-17 09:45:48 WIB
p16-novel-sign-sg.fizzopic.org.edgesuite.net,a401.b.akamai.net,*FB10A7,CNAME,False,9m57s,2023-11-17 09:45:48 WIB
p16-novel-sign-sg.tmtreader.com,p16-novel-sign-sg.tmtreader.com.edgesuite.net,*FB10AA,CNAME,False,6m22s,2023-11-17 09:45:48 WIB
p16-novel-sign-sg.tmtreader.com.edgesuite.net,a1447.b.akamai.net,*FB10AB,CNAME,False,9m57s,2023-11-17 09:45:48 WIB
tnc16-alisg.isnssdk.com.edgesuite.net,a46.mm2.akamai.net,*FB10AF,CNAME,False,9m57s,2023-11-17 09:45:48 WIB
p19-novel-sign-sg.fizzopic.org,bytedance.map.fastly.net,*FB10B2,CNAME,False,17s,2023-11-17 09:45:48 WIB
p19-novel-sign-sg.tmtreader.com,bytedance.map.fastly.net,*FB10B3,CNAME,False,3m22s,2023-11-17 09:45:48 WIB
update.microsoft.com,redir.update.msft.com.trafficmanager.net,*FB10B5,CNAME,False,2m9s,2023-11-17 09:45:48 WIB
mediation.pangle.io.edgekey.net,e105974.a.akamaiedge.net,*FB10B7,CNAME,False,13m15s,2023-11-17 09:45:48 WIB
api16-log-sg2.pangle.io.edgekey.net,e105974.a.akamaiedge.net,*FB10C9,CNAME,False,9m59s,2023-11-17 09:45:48 WIB
gecko-pangle-sg.byteoversea.com.edgekey.net,e11942.api4.akamaiedge.net,*FB10D0,CNAME,False,9m59s,2023-11-17 09:45:48 WIB
lf16-geckocdn.bytegecko-i18n.com,lf16-geckocdn.bytegecko-i18n.com.edgesuite.net,*FB10E1,CNAME,False,3m56s,2023-11-17 09:45:48 WIB
lf16-geckocdn.bytegecko-i18n.com.edgesuite.net,a1219.b.akamai.net,*FB10E2,CNAME,False,10m,2023-11-17 09:45:48 WIB
orion.ts.360.com.awsr53.qihucdn.com,82.145.215.152,*FB10FE,A,False,1s,2023-11-17 09:45:48 WIB
u.qurl.cloud.360safe.com,qurl.cloud.360safe.com,*FB1121,CNAME,False,3s,2023-11-17 09:45:48 WIB
qurl.cloud.360safe.com,qurl.cloud.360safe.com.awsr53.qihucdn.com,*FB1122,CNAME,False,3s,2023-11-17 09:45:48 WIB
qurl.cloud.360safe.com.awsr53.qihucdn.com,54.251.106.38,*FB1123,A,False,3s,2023-11-17 09:45:48 WIB
mobilecrush.king.com,185.48.81.27,*FB1138,A,False,5s,2023-11-17 09:45:48 WIB
ws1.dashlane.com.cdn.cloudflare.net,104.18.22.112,*FB1150,A,False,9s,2023-11-17 09:45:48 WIB
ws1.dashlane.com.cdn.cloudflare.net,104.18.23.112,*FB1151,A,False,9s,2023-11-17 09:45:48 WIB
um13.eset.com,38.90.226.40,*FB1152,A,False,10m9s,2023-11-17 09:45:48 WIB
tconf2.cloud.360safe.com,qup.cloud.360safe.com,*FB1176,CNAME,False,10s,2023-11-17 09:45:48 WIB
prod-w.nexus.live.com.akadns.net,52.111.243.28,*FB117B,A,False,0s,2023-11-17 09:45:48 WIB
v16.tiktokcdn.com,v16.tiktokcdn.com.edgesuite.net,*FB11A8,CNAME,False,10m30s,2023-11-17 09:45:48 WIB
clients.l.google.com,74.125.68.138,*FB11BD,A,False,3s,2023-11-17 09:45:48 WIB
clients.l.google.com,74.125.68.102,*FB11BE,A,False,3s,2023-11-17 09:45:48 WIB
clients.l.google.com,74.125.68.100,*FB11BF,A,False,3s,2023-11-17 09:45:48 WIB
clients.l.google.com,74.125.68.101,*FB11C0,A,False,3s,2023-11-17 09:45:48 WIB
clients.l.google.com,74.125.68.113,*FB11C1,A,False,3s,2023-11-17 09:45:48 WIB
clients.l.google.com,74.125.68.139,*FB11C2,A,False,3s,2023-11-17 09:45:48 WIB
asia.configsvc1.live.com.akadns.net,52.109.56.128,*FB11C4,A,False,9s,2023-11-17 09:45:48 WIB
www.microsoft.com-c-3.edgekey.net,www.microsoft.com-c-3.edgekey.net.globalredir.akadns.net,*FB11C6,CNAME,False,2m25s,2023-11-17 09:45:48 WIB
www.microsoft.com-c-3.edgekey.net.globalredir.akadns.net,e13678.dscb.akamaiedge.net,*FB11C7,CNAME,False,7m28s,2023-11-17 09:45:48 WIB
array503.prod.do.dsp.mp.microsoft.com,52.179.219.14,*FB11CA,A,False,10m36s,2023-11-17 09:45:48 WIB
disc601.prod.do.dsp.mp.microsoft.com,disc601.prod.do.dsp.mp.microsoft.com.edgekey.net,*FB11D5,CNAME,False,10m38s,2023-11-17 09:45:48 WIB
disc601.prod.do.dsp.mp.microsoft.com.edgekey.net,e12358.d.akamaiedge.net,*FB11D6,CNAME,False,10m38s,2023-11-17 09:45:48 WIB
1d.tlu.dl.delivery.mp.microsoft.com,dcat-tlu-bg-shim.trafficmanager.net,*FB11D8,CNAME,False,1m39s,2023-11-17 09:45:48 WIB
dcat-tlu-bg-shim.trafficmanager.net,tlu.dl.delivery.mp.microsoft.com.edgesuite.net,*FB11D9,CNAME,False,0s,2023-11-17 09:45:48 WIB
tlu.dl.delivery.mp.microsoft.com.edgesuite.net,a1856.d.akamai.net,*FB11DA,CNAME,False,10m38s,2023-11-17 09:45:48 WIB
sentry.io,35.186.247.156,*FB11E6,A,False,10m43s,2023-11-17 09:45:48 WIB
ipip.website,114.202.175.146,*FB11EB,A,False,4m49s,2023-11-17 09:45:48 WIB
xtrum.com,188.165.206.21,*FB11FC,A,False,10m49s,2023-11-17 09:45:48 WIB
horsey.cryptocowboys.net,3.83.58.39,*FB11FE,A,False,49s,2023-11-17 09:45:48 WIB
b.i.instagram.com,geo-p42.instagram.com,*FB1202,CNAME,False,10m52s,2023-11-17 09:45:48 WIB
coco.miniast.com,o.auntions.com,*FB1251,CNAME,False,11m36s,2023-11-17 09:45:48 WIB
gws.line.naver.jp,legy-sg-short.line.naver.jp,*FB1294,CNAME,False,11m17s,2023-11-17 09:45:48 WIB
api16-access-sg.pangle.io,api16-access-sg.pangle.io.ttdns2.com,*FB129F,CNAME,False,0s,2023-11-17 09:45:48 WIB
connectivitycheck.gstatic.com,172.253.118.94,*FB12A5,A,False,20s,2023-11-17 09:45:48 WIB
play-fe.googleapis.com,74.125.130.138,*FB12A8,A,False,51s,2023-11-17 09:45:48 WIB
play-fe.googleapis.com,74.125.130.113,*FB12A9,A,False,51s,2023-11-17 09:45:48 WIB
play-fe.googleapis.com,74.125.130.100,*FB12AA,A,False,51s,2023-11-17 09:45:48 WIB
play-fe.googleapis.com,74.125.130.101,*FB12AB,A,False,51s,2023-11-17 09:45:48 WIB
play-fe.googleapis.com,74.125.130.139,*FB12AC,A,False,51s,2023-11-17 09:45:48 WIB
play-fe.googleapis.com,74.125.130.102,*FB12AD,A,False,51s,2023-11-17 09:45:48 WIB
assets.msn.com,assets.msn.com.edgekey.net,*FB12B1,CNAME,False,11m26s,2023-11-17 09:45:48 WIB
content-autofill.googleapis.com,172.253.118.95,*FB12B8,A,False,22s,2023-11-17 09:45:48 WIB
content-autofill.googleapis.com,142.251.175.95,*FB12B9,A,False,22s,2023-11-17 09:45:48 WIB
content-autofill.googleapis.com,172.217.194.95,*FB12BA,A,False,22s,2023-11-17 09:45:48 WIB
content-autofill.googleapis.com,142.250.4.95,*FB12BB,A,False,22s,2023-11-17 09:45:48 WIB
content-autofill.googleapis.com,74.125.68.95,*FB12BC,A,False,22s,2023-11-17 09:45:48 WIB
content-autofill.googleapis.com,64.233.170.95,*FB12BD,A,False,22s,2023-11-17 09:45:48 WIB
content-autofill.googleapis.com,142.251.12.95,*FB12BE,A,False,22s,2023-11-17 09:45:48 WIB
content-autofill.googleapis.com,142.251.10.95,*FB12BF,A,False,22s,2023-11-17 09:45:48 WIB
content-autofill.googleapis.com,74.125.200.95,*FB12C0,A,False,22s,2023-11-17 09:45:48 WIB
content-autofill.googleapis.com,74.125.24.95,*FB12C1,A,False,22s,2023-11-17 09:45:48 WIB
content-autofill.googleapis.com,74.125.130.95,*FB12C2,A,False,22s,2023-11-17 09:45:48 WIB
array605.prod.do.dsp.mp.microsoft.com,51.104.164.114,*FB12C3,A,False,11m26s,2023-11-17 09:45:48 WIB
2-vbus-sg.ladesk.com,172.104.161.30,*FB12C4,A,False,11m26s,2023-11-17 09:45:48 WIB
api.otidapi.com,47.245.119.50,*FB12C5,A,False,11m27s,2023-11-17 09:45:48 WIB
api.otidapi.com,8.219.140.104,*FB12C6,A,False,11m27s,2023-11-17 09:45:48 WIB
glb.cws.prod.dcat.dsp.trafficmanager.net,13.95.31.18,*FB12C7,A,False,25s,2023-11-17 09:45:48 WIB
onedscolprdcus08.centralus.cloudapp.azure.com,104.208.16.88,*FB12CB,A,False,1m15s,2023-11-17 09:45:48 WIB
cdn-content.ampproject.org,172.217.194.132,*FB12D5,A,False,46s,2023-11-17 09:45:48 WIB
bl2prdapp01-canary.netmon.azure.com,bl2prdapp01-canary.eastus.cloudapp.azure.com,*FB12F3,CNAME,False,1m16s,2023-11-17 09:45:48 WIB
play-lh.googleusercontent.com,172.217.194.119,*FB1301,A,False,56s,2023-11-17 09:45:48 WIB
crl3.digicert.com,crl.edge.digicert.com,*FB1306,CNAME,False,9m41s,2023-11-17 09:45:48 WIB
scontent-cgk1-2.xx.fbcdn.net,31.13.95.13,*FB1315,A,False,11m40s,2023-11-17 09:45:48 WIB
dns.msftncsi.com,fd3e:4f5a:5b81::1,*FB1317,AAAA,False,11m45s,2023-11-17 09:45:48 WIB
cname-sin01-stsdk09.vivoglobal.com,156.59.238.3,*FB1321,A,False,4m46s,2023-11-17 09:45:48 WIB
onedscolprdeus04.eastus.cloudapp.azure.com,52.168.112.67,*FB1343,A,False,20s,2023-11-17 09:45:48 WIB
spec.cloud.os-lb.com,54.179.136.152,*FB1347,A,False,23s,2023-11-17 09:45:48 WIB
spec.cloud.os-lb.com,54.179.136.136,*FB1348,A,False,23s,2023-11-17 09:45:48 WIB
array610.prod.do.dsp.mp.microsoft.com,20.54.24.69,*FB1350,A,False,12m1s,2023-11-17 09:45:48 WIB
assets.msn.com.edgekey.net,e28578.d.akamaiedge.net,*FB1356,CNAME,False,11m30s,2023-11-17 09:45:48 WIB
cp.af37coau.ru,34.174.61.199,*FB135F,A,False,6s,2023-11-17 09:45:48 WIB
b.c2r.ts.cdn.office.net,office-bg-geo.trafficmanager.net,*FB1363,CNAME,False,12m7s,2023-11-17 09:45:48 WIB
lb.apr-15cd6a.edgecastdns.net,scdn29004.wpc.15cd6a.iotacdn.net,*FB1366,CNAME,False,2m7s,2023-11-17 09:45:48 WIB
mdp-appconf-id.heytapdl.com,heytapdl.com.akamaized.net,*FB136F,CNAME,False,1m50s,2023-11-17 09:45:48 WIB
conf.f.360.cn,conf.f.qh-lb.com,*FB1377,CNAME,False,2m15s,2023-11-17 09:45:48 WIB
youtube-ui.l.google.com,172.253.118.136,*FB137D,A,False,52s,2023-11-17 09:45:48 WIB
youtube-ui.l.google.com,142.251.12.190,*FB137E,A,False,52s,2023-11-17 09:45:48 WIB
youtube-ui.l.google.com,142.251.10.190,*FB137F,A,False,52s,2023-11-17 09:45:48 WIB
youtube-ui.l.google.com,172.217.194.91,*FB1380,A,False,52s,2023-11-17 09:45:48 WIB
youtube-ui.l.google.com,172.217.194.136,*FB1381,A,False,52s,2023-11-17 09:45:48 WIB
youtube-ui.l.google.com,172.217.194.93,*FB1382,A,False,52s,2023-11-17 09:45:48 WIB
youtube-ui.l.google.com,74.125.200.91,*FB1383,A,False,52s,2023-11-17 09:45:48 WIB
youtube-ui.l.google.com,142.251.10.93,*FB1384,A,False,52s,2023-11-17 09:45:48 WIB
youtube-ui.l.google.com,142.251.12.136,*FB1385,A,False,52s,2023-11-17 09:45:48 WIB
youtube-ui.l.google.com,172.217.194.190,*FB1386,A,False,52s,2023-11-17 09:45:48 WIB
youtube-ui.l.google.com,172.253.118.190,*FB1387,A,False,52s,2023-11-17 09:45:48 WIB
youtube-ui.l.google.com,172.253.118.91,*FB1388,A,False,52s,2023-11-17 09:45:48 WIB
youtube-ui.l.google.com,74.125.200.136,*FB1389,A,False,52s,2023-11-17 09:45:48 WIB
youtube-ui.l.google.com,172.253.118.93,*FB138A,A,False,52s,2023-11-17 09:45:48 WIB
youtube-ui.l.google.com,142.251.12.91,*FB138B,A,False,52s,2023-11-17 09:45:48 WIB
youtube-ui.l.google.com,142.251.12.93,*FB138C,A,False,52s,2023-11-17 09:45:48 WIB
in.appcenter.ms,in2-prod-east-us2-23fa330.trafficmanager.net,*FB1395,CNAME,False,41s,2023-11-17 09:45:48 WIB
config.edge.skype.com,config.edge.skype.com.trafficmanager.net,*FB1398,CNAME,False,12m18s,2023-11-17 09:45:48 WIB
download.windowsupdate.com,wu-fg-shim.trafficmanager.net,*FB13AB,CNAME,False,12m24s,2023-11-17 09:45:48 WIB
wu-fg-shim.trafficmanager.net,download.windowsupdate.com.edgesuite.net,*FB13AC,CNAME,False,3m47s,2023-11-17 09:45:48 WIB
download.windowsupdate.com.edgesuite.net,a767.dspw65.akamai.net,*FB13AD,CNAME,False,10m38s,2023-11-17 09:45:48 WIB
scar.unityads.unity3d.com,auction-scar-capture.unityads.unity3d.com,*FB13B2,CNAME,False,2m17s,2023-11-17 09:45:48 WIB
auction-scar-capture.unityads.unity3d.com,gce-auction-master.unityads.unity3d.com,*FB13B3,CNAME,False,1m22s,2023-11-17 09:45:48 WIB
id-main-appstore.vivoglobal.com,dfbp1qz16aqay.cloudfront.net,*FB13B6,CNAME,False,3m32s,2023-11-17 09:45:48 WIB
asia-wifi.vivoglobal.com,156.59.238.0,*FB13BC,A,False,2m57s,2023-11-17 09:45:48 WIB
mqtt-mini.facebook.com,mqtt-mini.c10r.facebook.com,*FB13BE,CNAME,False,12m28s,2023-11-17 09:45:48 WIB
mtalk.google.com,mobile-gtalk.l.google.com,*FB13C0,CNAME,False,0s,2023-11-17 09:45:48 WIB
asia-exstsdk.vivoglobal.com,cname-sin01-stsdk09.vivoglobal.com,*FB13C2,CNAME,False,5m16s,2023-11-17 09:45:48 WIB
asia-exmagazineunlock-proxy.vivoglobal.com,156.59.238.32,*FB13C9,A,False,3m48s,2023-11-17 09:45:48 WIB
asia-stp.vivoglobal.com,156.59.238.28,*FB13CA,A,False,2m59s,2023-11-17 09:45:48 WIB
office-bg-geo.trafficmanager.net,c2r.ts.cdn.office.net.c.footprint.net,*FB13CF,CNAME,False,0s,2023-11-17 09:45:48 WIB
c2r.ts.cdn.office.net.c.footprint.net,8.241.162.124,*FB13D0,A,False,0s,2023-11-17 09:45:48 WIB
c2r.ts.cdn.office.net.c.footprint.net,8.241.165.252,*FB13D1,A,False,0s,2023-11-17 09:45:48 WIB
c2r.ts.cdn.office.net.c.footprint.net,8.241.131.252,*FB13D2,A,False,0s,2023-11-17 09:45:48 WIB
gateway.instagram.com,dgw.c10r.facebook.com,*FB13D5,CNAME,False,12m30s,2023-11-17 09:45:48 WIB
pull-flv-l11-va01.tiktokcdn.com,pull-flv-l11-va01.tiktokcdn.com.qlivecdn.com,*FB13E0,CNAME,False,6m12s,2023-11-17 09:45:48 WIB
tiktok.freeflow.sched.ovscdns.net,43.152.160.233,*FB13E2,A,False,1m18s,2023-11-17 09:45:48 WIB
tiktok.freeflow.sched.ovscdns.net,43.152.160.235,*FB13E3,A,False,1m18s,2023-11-17 09:45:48 WIB
tiktok.freeflow.sched.ovscdns.net,43.132.80.241,*FB13E4,A,False,1m18s,2023-11-17 09:45:48 WIB
tiktok.freeflow.sched.ovscdns.net,43.152.160.234,*FB13E5,A,False,1m18s,2023-11-17 09:45:48 WIB
tiktok.freeflow.sched.ovscdns.net,103.160.155.55,*FB13E6,A,False,1m18s,2023-11-17 09:45:48 WIB
tiktok.freeflow.sched.ovscdns.net,43.152.142.241,*FB13E7,A,False,1m18s,2023-11-17 09:45:48 WIB
tiktok.freeflow.sched.ovscdns.net,101.33.4.196,*FB13E8,A,False,1m18s,2023-11-17 09:45:48 WIB
tiktok.freeflow.sched.ovscdns.net,43.132.80.207,*FB13E9,A,False,1m18s,2023-11-17 09:45:48 WIB
tiktok.freeflow.sched.ovscdns.net,43.132.81.144,*FB13EA,A,False,1m18s,2023-11-17 09:45:48 WIB
tiktok.freeflow.sched.ovscdns.net,101.33.4.5,*FB13EB,A,False,1m18s,2023-11-17 09:45:48 WIB
tiktok.freeflow.sched.ovscdns.net,43.152.161.241,*FB13EC,A,False,1m18s,2023-11-17 09:45:48 WIB
tiktok.freeflow.sched.ovscdns.net,101.33.4.184,*FB13ED,A,False,1m18s,2023-11-17 09:45:48 WIB
tiktok.freeflow.sched.ovscdns.net,101.33.4.7,*FB13EE,A,False,1m18s,2023-11-17 09:45:48 WIB
tiktok.freeflow.sched.ovscdns.net,43.152.163.231,*FB13EF,A,False,1m18s,2023-11-17 09:45:48 WIB
tiktok.freeflow.sched.ovscdns.net,101.33.4.185,*FB13F0,A,False,1m18s,2023-11-17 09:45:48 WIB
cp601.prod.do.dsp.mp.microsoft.com,cp601.prod.do.dsp.mp.microsoft.com.edgekey.net,*FB13F1,CNAME,False,9m5s,2023-11-17 09:45:48 WIB
cp601.prod.do.dsp.mp.microsoft.com.edgekey.net,e12358.d.akamaiedge.net,*FB13F2,CNAME,False,12m30s,2023-11-17 09:45:48 WIB
pull-flv-f77-tt03.fcdn.eu.tiktokcdn.com,1368870070.rsc.cdn77.org,*FB13F3,CNAME,False,1m53s,2023-11-17 09:45:48 WIB
asia-comonrt-stsdk.vivoglobal.com,cname-sin01-stsdk09.vivoglobal.com,*FB1422,CNAME,False,4m47s,2023-11-17 09:45:48 WIB
pull-w5-sg01.tiktokcdn-us.com,pull-w5-sg01.tiktokcdn-us.com.c.worldfcdn2.com,*FB1434,CNAME,False,1m10s,2023-11-17 09:45:48 WIB
pull-flv-l16-sg01.tiktokcdn.com.atomile.com,138.113.116.39,*FB1442,A,False,20s,2023-11-17 09:45:48 WIB
pull-flv-l1-gcp01.tiktokcdn.com.wsdvs.com,138.113.250.32,*FB1443,A,False,1m1s,2023-11-17 09:45:48 WIB
pull-flv-l1-gcp01.tiktokcdn.com.wsdvs.com,138.113.250.34,*FB1444,A,False,1m1s,2023-11-17 09:45:48 WIB
pull-flv-l1-gcp01.tiktokcdn.com.wsdvs.com,138.113.250.33,*FB1445,A,False,1m1s,2023-11-17 09:45:48 WIB
a1390.us.akamai.net,23.192.228.90,*FB1452,A,False,1m33s,2023-11-17 09:45:48 WIB
a1390.us.akamai.net,23.192.228.75,*FB1453,A,False,1m33s,2023-11-17 09:45:48 WIB
pull-f5-tt01.tiktokcdn.com.c.worldfcdn.com,pull-fcdn-base1.s.bytefcdn-oversea.com,*FB146A,CNAME,False,28s,2023-11-17 09:45:48 WIB
www.google.com,74.125.130.103,*FB147B,A,False,50s,2023-11-17 09:45:48 WIB
www.google.com,74.125.130.104,*FB147C,A,False,50s,2023-11-17 09:45:48 WIB
www.google.com,74.125.130.147,*FB147D,A,False,50s,2023-11-17 09:45:48 WIB
www.google.com,74.125.130.106,*FB147E,A,False,50s,2023-11-17 09:45:48 WIB
www.google.com,74.125.130.99,*FB147F,A,False,50s,2023-11-17 09:45:48 WIB
www.google.com,74.125.130.105,*FB1480,A,False,50s,2023-11-17 09:45:48 WIB
gateway.fe.apple-dns.net,17.248.224.3,*FB1482,A,False,51s,2023-11-17 09:45:48 WIB
otp.api.axis.co.id.cdn.cloudflare.net,a027a4769e16f481595e7d0b3154eead-c55410e7e20ebe0a.elb.ap-southeast-1.amazonaws.com,*FB1495,CNAME,False,3m4s,2023-11-17 09:45:48 WIB
quota.api.axis.co.id.cdn.cloudflare.net,a027a4769e16f481595e7d0b3154eead-c55410e7e20ebe0a.elb.ap-southeast-1.amazonaws.com,*FB1497,CNAME,False,3m4s,2023-11-17 09:45:48 WIB
balance.api.axis.co.id.cdn.cloudflare.net,a027a4769e16f481595e7d0b3154eead-c55410e7e20ebe0a.elb.ap-southeast-1.amazonaws.com,*FB1499,CNAME,False,3m4s,2023-11-17 09:45:48 WIB
promo.api.axis.co.id.cdn.cloudflare.net,a027a4769e16f481595e7d0b3154eead-c55410e7e20ebe0a.elb.ap-southeast-1.amazonaws.com,*FB149B,CNAME,False,3m4s,2023-11-17 09:45:48 WIB
notification.api.axis.co.id.cdn.cloudflare.net,a027a4769e16f481595e7d0b3154eead-c55410e7e20ebe0a.elb.ap-southeast-1.amazonaws.com,*FB149D,CNAME,False,3m4s,2023-11-17 09:45:48 WIB
pull-q5-sg01.tiktokcdn-us.com.c.worldfcdn2.com,pull-fcdn-ttp2.s.worldfcdn2.com,*FB149E,CNAME,False,11s,2023-11-17 09:45:48 WIB
profile.api.axis.co.id.cdn.cloudflare.net,a027a4769e16f481595e7d0b3154eead-c55410e7e20ebe0a.elb.ap-southeast-1.amazonaws.com,*FB14A4,CNAME,False,3m4s,2023-11-17 09:45:48 WIB
pull-cmaf-f16-tt01.tiktokcdn.com,pull-cmaf-f16-tt01.tiktokcdn.com.akamaized.net,*FB14C0,CNAME,False,1s,2023-11-17 09:45:48 WIB
push-fcdn-base2.s.bytefcdn-oversea.com,129.227.36.8,*FB14D2,A,False,51s,2023-11-17 09:45:48 WIB
push-fcdn-base2.s.bytefcdn-oversea.com,156.238.132.11,*FB14D3,A,False,51s,2023-11-17 09:45:48 WIB
push-fcdn-base2.s.bytefcdn-oversea.com,129.227.36.129,*FB14D4,A,False,51s,2023-11-17 09:45:48 WIB
push-fcdn-base2.s.bytefcdn-oversea.com,129.227.36.100,*FB14D5,A,False,51s,2023-11-17 09:45:48 WIB
push-fcdn-base2.s.bytefcdn-oversea.com,129.227.36.101,*FB14D6,A,False,51s,2023-11-17 09:45:48 WIB
push-fcdn-base2.s.bytefcdn-oversea.com,129.227.36.4,*FB14D7,A,False,51s,2023-11-17 09:45:48 WIB
pull-lls-l11.tiktokcdn.com,overseas-webrtc.liveplay.myqcloud.com,*FB14DD,CNAME,False,8s,2023-11-17 09:45:48 WIB
all.oswebrtc.sched.ovscdns.net,101.33.4.177,*FB14DF,A,False,17s,2023-11-17 09:45:48 WIB
all.oswebrtc.sched.ovscdns.net,101.33.4.172,*FB14E0,A,False,17s,2023-11-17 09:45:48 WIB
all.oswebrtc.sched.ovscdns.net,101.33.4.72,*FB14E1,A,False,17s,2023-11-17 09:45:48 WIB
all.oswebrtc.sched.ovscdns.net,43.152.160.208,*FB14E2,A,False,17s,2023-11-17 09:45:48 WIB
all.oswebrtc.sched.ovscdns.net,43.152.160.227,*FB14E3,A,False,17s,2023-11-17 09:45:48 WIB
all.oswebrtc.sched.ovscdns.net,101.33.4.150,*FB14E4,A,False,17s,2023-11-17 09:45:48 WIB
42-courier.push.apple.com,42.courier-push-apple.com.akadns.net,*FB14F2,CNAME,False,12m32s,2023-11-17 09:45:48 WIB
apac-asia-courier-4.push-apple.com.akadns.net,17.57.145.134,*FB14F5,A,False,26s,2023-11-17 09:45:48 WIB
apac-asia-courier-4.push-apple.com.akadns.net,17.57.145.137,*FB14F6,A,False,26s,2023-11-17 09:45:48 WIB
apac-asia-courier-4.push-apple.com.akadns.net,17.57.145.138,*FB14F7,A,False,26s,2023-11-17 09:45:48 WIB
apac-asia-courier-4.push-apple.com.akadns.net,17.57.145.136,*FB14F8,A,False,26s,2023-11-17 09:45:48 WIB
apac-asia-courier-4.push-apple.com.akadns.net,17.57.145.132,*FB14F9,A,False,26s,2023-11-17 09:45:48 WIB
apac-asia-courier-4.push-apple.com.akadns.net,17.57.145.133,*FB14FA,A,False,26s,2023-11-17 09:45:48 WIB
apac-asia-courier-4.push-apple.com.akadns.net,17.57.145.135,*FB14FB,A,False,26s,2023-11-17 09:45:48 WIB
push-rtmp-l10-va01.tiktokcdn.com.rocket-cdn.com,hcdnl.push-rtmps.ovc.gslb.rocket-cdn.com,*FB14FD,CNAME,False,38s,2023-11-17 09:45:48 WIB
gsa.apple.com,gsa.idms-apple.com.akadns.net,*FB1509,CNAME,False,45s,2023-11-17 09:45:48 WIB
gsa.idms-apple.com.akadns.net,17.179.252.2,*FB150A,A,False,1m56s,2023-11-17 09:45:48 WIB
pull-flv-l16-gcp01.tiktokcdn.com,pull-flv-l16-gcp01.tiktokcdn.com.atomile.com,*FB153D,CNAME,False,11s,2023-11-17 09:45:48 WIB
all.freeflow-f11.sched.ovscdns.net,43.152.163.231,*FB153F,A,False,0s,2023-11-17 09:45:48 WIB
all.freeflow-f11.sched.ovscdns.net,101.33.4.184,*FB1540,A,False,0s,2023-11-17 09:45:48 WIB
all.freeflow-f11.sched.ovscdns.net,103.160.155.107,*FB1541,A,False,29s,2023-11-17 09:45:48 WIB
all.freeflow-f11.sched.ovscdns.net,43.152.160.233,*FB1542,A,False,0s,2023-11-17 09:45:48 WIB
all.freeflow-f11.sched.ovscdns.net,43.152.160.234,*FB1543,A,False,29s,2023-11-17 09:45:48 WIB
all.freeflow-f11.sched.ovscdns.net,103.160.155.89,*FB1544,A,False,0s,2023-11-17 09:45:48 WIB
all.freeflow-f11.sched.ovscdns.net,101.33.4.196,*FB1545,A,False,0s,2023-11-17 09:45:48 WIB
all.freeflow-f11.sched.ovscdns.net,43.152.160.235,*FB1546,A,False,29s,2023-11-17 09:45:48 WIB
all.freeflow-f11.sched.ovscdns.net,101.33.4.185,*FB1547,A,False,29s,2023-11-17 09:45:48 WIB
all.freeflow-f11.sched.ovscdns.net,101.33.4.198,*FB1548,A,False,0s,2023-11-17 09:45:48 WIB
all.freeflow-f11.sched.ovscdns.net,43.152.142.241,*FB1549,A,False,29s,2023-11-17 09:45:48 WIB
all.freeflow-f11.sched.ovscdns.net,43.132.80.241,*FB154A,A,False,29s,2023-11-17 09:45:48 WIB
all.freeflow-f11.sched.ovscdns.net,43.152.161.242,*FB154B,A,False,29s,2023-11-17 09:45:48 WIB
all.freeflow-f11.sched.ovscdns.net,43.152.161.216,*FB154C,A,False,29s,2023-11-17 09:45:48 WIB
all.freeflow-f11.sched.ovscdns.net,101.33.4.7,*FB154D,A,False,0s,2023-11-17 09:45:48 WIB
pull-flv-f11-gcp01.tiktokcdn.com,pull-flv-f11-gcp01.tiktokcdn.com.qlivecdn.com,*FB154F,CNAME,False,27s,2023-11-17 09:45:48 WIB
array606.prod.do.dsp.mp.microsoft.com,51.104.167.48,*FB1559,A,False,9m30s,2023-11-17 09:45:48 WIB
asia-comort-stsdk.vivoglobal.com,cname-sin01-stsdk09.vivoglobal.com,*FB156E,CNAME,False,4m30s,2023-11-17 09:45:48 WIB
pull-cmaf-l16-sg01.tiktokcdn.com.akamaized.net,a1736.z.akamai.net,*FB1579,CNAME,False,12m37s,2023-11-17 09:45:48 WIB
p16-sign-sg.tiktokcdn.com,p16-sign-sg.tiktokcdn.com.akamaized.net,*FB1594,CNAME,False,33s,2023-11-17 09:45:48 WIB
star-mini.c10r.facebook.com,157.240.208.35,*FB1596,A,False,2m1s,2023-11-17 09:45:48 WIB
web.facebook.com,star.facebook.com,*FB1599,CNAME,False,11m23s,2023-11-17 09:45:48 WIB
star.c10r.facebook.com,157.240.208.16,*FB159A,A,False,50s,2023-11-17 09:45:48 WIB
njal.la,95.215.19.10,*FB15A2,A,False,21s,2023-11-17 09:45:48 WIB
play.googleapis.com,142.251.12.95,*FB15B5,A,False,2m37s,2023-11-17 09:45:48 WIB
play.googleapis.com,172.217.194.95,*FB15B7,A,False,2m37s,2023-11-17 09:45:48 WIB
play.googleapis.com,74.125.130.95,*FB15B8,A,False,2m37s,2023-11-17 09:45:48 WIB
play.googleapis.com,74.125.68.95,*FB15B9,A,False,2m37s,2023-11-17 09:45:48 WIB
play.googleapis.com,142.251.175.95,*FB15BA,A,False,2m37s,2023-11-17 09:45:48 WIB
play.googleapis.com,172.253.118.95,*FB15BB,A,False,2m37s,2023-11-17 09:45:48 WIB
play.googleapis.com,64.233.170.95,*FB15BC,A,False,2m37s,2023-11-17 09:45:48 WIB
play.googleapis.com,142.251.10.95,*FB15BD,A,False,2m37s,2023-11-17 09:45:48 WIB
play.googleapis.com,74.125.200.95,*FB15BE,A,False,2m37s,2023-11-17 09:45:48 WIB
play.googleapis.com,74.125.24.95,*FB15BF,A,False,2m37s,2023-11-17 09:45:48 WIB
pull-c5-va01.tiktokcdn.com,pull-c5-va01.tiktokcdn.com.c.bytetcdn.com,*FB15C0,CNAME,False,3m56s,2023-11-17 09:45:48 WIB
pull-c5-va01.tiktokcdn.com.c.bytetcdn.com,pull-fcdn-va-global3.s.bytetcdn.com,*FB15C1,CNAME,False,0s,2023-11-17 09:45:48 WIB
a21.z.akamai.net,203.161.21.49,*FB15D1,A,False,0s,2023-11-17 09:45:48 WIB
a21.z.akamai.net,203.161.21.48,*FB15D2,A,False,0s,2023-11-17 09:45:48 WIB
pull-flv-l1-sg01.tiktokcdn.com.wsdvs.com,138.113.250.32,*FB15DC,A,False,1m9s,2023-11-17 09:45:48 WIB
pull-flv-l1-sg01.tiktokcdn.com.wsdvs.com,138.113.250.33,*FB15DD,A,False,1m9s,2023-11-17 09:45:48 WIB
pull-flv-l1-sg01.tiktokcdn.com.wsdvs.com,138.113.250.34,*FB15DE,A,False,1m9s,2023-11-17 09:45:48 WIB
pull-flv-l11-sg01.tiktokcdn.com.qlivecdn.com,tiktok.freeflow.sched.ovscdns.net,*FB15E0,CNAME,False,1m3s,2023-11-17 09:45:48 WIB
pull-hls-f77-va01.tiktokcdn.com,1928505594.rsc.cdn77.org,*FB15F2,CNAME,False,4m,2023-11-17 09:45:48 WIB
pull-fcdn-base4.s.bytefcdn-oversea.com,149.104.85.128,*FB15F9,A,False,1m9s,2023-11-17 09:45:48 WIB
pull-fcdn-base4.s.bytefcdn-oversea.com,154.85.88.17,*FB15FA,A,False,1m9s,2023-11-17 09:45:48 WIB
pull-fcdn-base4.s.bytefcdn-oversea.com,149.104.85.122,*FB15FB,A,False,1m9s,2023-11-17 09:45:48 WIB
pull-fcdn-base4.s.bytefcdn-oversea.com,47.89.121.10,*FB15FC,A,False,1m9s,2023-11-17 09:45:48 WIB
pull-fcdn-base4.s.bytefcdn-oversea.com,149.104.85.123,*FB15FD,A,False,1m9s,2023-11-17 09:45:48 WIB
pull-fcdn-base4.s.bytefcdn-oversea.com,156.59.248.50,*FB15FE,A,False,1m9s,2023-11-17 09:45:48 WIB
pull-w5-va01.fcdn.eu.tiktokcdn.com,pull-w5-va01.fcdn.eu.tiktokcdn.com.c.bytefcdn-ttpeu.com,*FB161E,CNAME,False,5m39s,2023-11-17 09:45:48 WIB
push-rtmp-f5-tt03.fcdn.eu.tiktokcdn.com.c.bytefcdn-ttpeu.com,push-base3.s.bytefcdn-ttpeu.com,*FB1635,CNAME,False,0s,2023-11-17 09:45:48 WIB
pull-hls-f77-gcp01.tiktokcdn.com,1666945197.rsc.cdn77.org,*FB1645,CNAME,False,41s,2023-11-17 09:45:48 WIB
pull-w5-va01.tiktokcdn-us.com,pull-w5-va01.tiktokcdn-us.com.c.worldfcdn2.com,*FB1659,CNAME,False,42s,2023-11-17 09:45:48 WIB
pull-o5-va01.tiktokcdn-us.com,pull-o5-va01.tiktokcdn-us.com.c.worldfcdn2.com,*FB1680,CNAME,False,2m17s,2023-11-17 09:45:48 WIB
pull-cmaf-f16-tt03.tiktokcdn.com,pull-cmaf-f16-tt03.tiktokcdn.com.akamaized.net,*FB1684,CNAME,False,4m48s,2023-11-17 09:45:48 WIB
pull-cmaf-f16-tt03.fcdn.us.tiktokcdn.com,pull-cmaf-f16-tt03.fcdn.us.tiktokcdn.com.akamaized.net,*FB1693,CNAME,False,4m47s,2023-11-17 09:45:48 WIB
push-rtmp-l77-va01.tiktokcdn.com,1062222904.rsc.cdn77.org,*FB1696,CNAME,False,3m37s,2023-11-17 09:45:48 WIB
pull-flv-f1-gcp01.tiktokcdn.com,pull-flv-f1-gcp01.tiktokcdn.com.wsdvs.com,*FB1698,CNAME,False,7m3s,2023-11-17 09:45:48 WIB
pull-cmaf-f77-va01.tiktokcdn.com,1533248697.rsc.cdn77.org,*FB16A0,CNAME,False,6m35s,2023-11-17 09:45:48 WIB
pull-cmaf-f16-tt02.fcdn.us.tiktokv.com,pull-cmaf-f16-tt02.fcdn.us.tiktokv.com.akamaized.net,*FB16B9,CNAME,False,4m23s,2023-11-17 09:45:48 WIB
pull-flv-f77-sg01.tiktokcdn.com,1543874144.rsc.cdn77.org,*FB16E1,CNAME,False,6m10s,2023-11-17 09:45:48 WIB
yt3.ggpht.com,photos-ugc.l.googleusercontent.com,*FB171D,CNAME,False,5s,2023-11-17 09:45:48 WIB
l-0007.l-msedge.net,13.107.42.16,*FB1735,A,False,12s,2023-11-17 09:45:48 WIB
cp.ceddi8ub.ru,34.174.206.7,*FB1737,A,False,0s,2023-11-17 09:45:48 WIB
odc.officeapps.live.com,prod.odcsm1.live.com.akadns.net,*FB1738,CNAME,False,13m8s,2023-11-17 09:45:48 WIB
federatedcompute-pa.googleapis.com,142.251.175.95,*FB173D,A,False,1m34s,2023-11-17 09:45:48 WIB
federatedcompute-pa.googleapis.com,172.253.118.95,*FB173E,A,False,1m34s,2023-11-17 09:45:48 WIB
federatedcompute-pa.googleapis.com,74.125.130.95,*FB173F,A,False,1m34s,2023-11-17 09:45:48 WIB
federatedcompute-pa.googleapis.com,172.217.194.95,*FB1740,A,False,1m34s,2023-11-17 09:45:48 WIB
federatedcompute-pa.googleapis.com,64.233.170.95,*FB1741,A,False,1m34s,2023-11-17 09:45:48 WIB
federatedcompute-pa.googleapis.com,142.250.4.95,*FB1742,A,False,1m34s,2023-11-17 09:45:48 WIB
federatedcompute-pa.googleapis.com,74.125.68.95,*FB1743,A,False,1m34s,2023-11-17 09:45:48 WIB
federatedcompute-pa.googleapis.com,74.125.24.95,*FB1744,A,False,1m34s,2023-11-17 09:45:48 WIB
federatedcompute-pa.googleapis.com,142.251.12.95,*FB1745,A,False,1m34s,2023-11-17 09:45:48 WIB
federatedcompute-pa.googleapis.com,142.251.10.95,*FB1746,A,False,1m34s,2023-11-17 09:45:48 WIB
federatedcompute-pa.googleapis.com,74.125.200.95,*FB1747,A,False,1m34s,2023-11-17 09:45:48 WIB
accounts.google.com,172.217.194.84,*FB174E,A,False,2m17s,2023-11-17 09:45:48 WIB
android.googleapis.com,142.251.175.95,*FB1762,A,False,2m59s,2023-11-17 09:45:48 WIB
android.googleapis.com,64.233.170.95,*FB1763,A,False,2m59s,2023-11-17 09:45:48 WIB
android.googleapis.com,142.251.12.95,*FB1764,A,False,2m59s,2023-11-17 09:45:48 WIB
android.googleapis.com,172.217.194.95,*FB1765,A,False,2m59s,2023-11-17 09:45:48 WIB
android.googleapis.com,74.125.200.95,*FB1766,A,False,2m59s,2023-11-17 09:45:48 WIB
android.googleapis.com,74.125.68.95,*FB1767,A,False,2m59s,2023-11-17 09:45:48 WIB
android.googleapis.com,74.125.130.95,*FB1768,A,False,2m59s,2023-11-17 09:45:48 WIB
android.googleapis.com,142.251.10.95,*FB1769,A,False,2m59s,2023-11-17 09:45:48 WIB
android.googleapis.com,74.125.24.95,*FB176A,A,False,2m59s,2023-11-17 09:45:48 WIB
android.googleapis.com,172.253.118.95,*FB176B,A,False,2m59s,2023-11-17 09:45:48 WIB
sgp-appstore-heytapmobi-id-418207825.ap-southeast-1.elb.amazonaws.com,52.221.86.146,*FB1794,A,False,25s,2023-11-17 09:45:48 WIB
sgp-appstore-heytapmobi-id-418207825.ap-southeast-1.elb.amazonaws.com,52.220.1.135,*FB1795,A,False,25s,2023-11-17 09:45:48 WIB
sgp-appstore-heytapmobi-id-418207825.ap-southeast-1.elb.amazonaws.com,52.76.210.121,*FB1796,A,False,25s,2023-11-17 09:45:48 WIB
sgp-appstore-heytapmobi-id-418207825.ap-southeast-1.elb.amazonaws.com,3.1.95.121,*FB1797,A,False,25s,2023-11-17 09:45:48 WIB
d16zsnkpeppj4x.cloudfront.net,13.33.88.8,*FB17A1,A,False,1m24s,2023-11-17 09:45:48 WIB
d16zsnkpeppj4x.cloudfront.net,13.33.88.64,*FB17A2,A,False,1m24s,2023-11-17 09:45:48 WIB
d16zsnkpeppj4x.cloudfront.net,13.33.88.124,*FB17A3,A,False,1m24s,2023-11-17 09:45:48 WIB
d16zsnkpeppj4x.cloudfront.net,13.33.88.43,*FB17A4,A,False,1m24s,2023-11-17 09:45:48 WIB
asia-commonitor-stsdk.vivoglobal.com,cname-sin01-stsdk09.vivoglobal.com,*FB17A8,CNAME,False,2m50s,2023-11-17 09:45:48 WIB
heytapdl.com.akamaized.net,a745.dscd.akamai.net,*FB17A9,CNAME,False,0s,2023-11-17 09:45:48 WIB
mqtt-mini.c10r.facebook.com,157.240.208.34,*FB17CF,A,False,46s,2023-11-17 09:45:48 WIB
dls.di.atlas.samsung.com,dls-gcp.di.atlas.samsung.com,*FB17D9,CNAME,False,13m29s,2023-11-17 09:45:48 WIB
dls-gcp.di.atlas.samsung.com,34.107.165.5,*FB17DA,A,False,13m29s,2023-11-17 09:45:48 WIB
prod.configsvc1.live.com.akadns.net,asia.configsvc1.live.com.akadns.net,*FB17DE,CNAME,False,1m45s,2023-11-17 09:45:48 WIB
dls-udc.dqa.samsung.com,34.120.88.80,*FB17E3,A,False,0s,2023-11-17 09:45:48 WIB
4shared.com,204.155.149.41,*FB17F0,A,False,13m33s,2023-11-17 09:45:48 WIB
4shared.com,204.155.146.95,*FB17F1,A,False,13m33s,2023-11-17 09:45:48 WIB
4shared.com,204.155.149.43,*FB17F2,A,False,13m33s,2023-11-17 09:45:48 WIB
4shared.com,204.155.149.42,*FB17F3,A,False,13m33s,2023-11-17 09:45:48 WIB
a-0003.a-msedge.net,204.79.197.203,*FB17F6,A,False,27s,2023-11-17 09:45:48 WIB
qt0t6l4k.e0.sched.ovscdns.com,101.33.6.11,*FB17F9,A,False,40s,2023-11-17 09:45:48 WIB
qt0t6l4k.e0.sched.ovscdns.com,101.33.6.12,*FB17FA,A,False,40s,2023-11-17 09:45:48 WIB
nexusrules.officeapps.live.com,prod.nexusrules.live.com.akadns.net,*FB1800,CNAME,False,13m35s,2023-11-17 09:45:48 WIB
v53.tiktokcdn.com,edge.bytedance.swiftserve.com,*FB180D,CNAME,False,41s,2023-11-17 09:45:48 WIB
edge.bytedance.swiftserve.com,ctr.tt-sw.swiftserve.com,*FB180E,CNAME,False,1m31s,2023-11-17 09:45:48 WIB
login.msa.msidentity.com,www.tm.lg.prod.aadmsa.trafficmanager.net,*FB1819,CNAME,False,51s,2023-11-17 09:45:48 WIB
www.tm.v4.a.prd.aadg.akadns.net,20.190.163.19,*FB181C,A,False,58s,2023-11-17 09:45:48 WIB
www.tm.v4.a.prd.aadg.akadns.net,40.126.35.20,*FB181D,A,False,58s,2023-11-17 09:45:48 WIB
www.tm.v4.a.prd.aadg.akadns.net,40.126.35.128,*FB181E,A,False,58s,2023-11-17 09:45:48 WIB
www.tm.v4.a.prd.aadg.akadns.net,40.126.35.87,*FB181F,A,False,58s,2023-11-17 09:45:48 WIB
www.tm.v4.a.prd.aadg.akadns.net,40.126.35.145,*FB1820,A,False,58s,2023-11-17 09:45:48 WIB
www.tm.v4.a.prd.aadg.akadns.net,40.126.35.86,*FB1821,A,False,58s,2023-11-17 09:45:48 WIB
www.tm.v4.a.prd.aadg.akadns.net,40.126.35.81,*FB1822,A,False,58s,2023-11-17 09:45:48 WIB
www.tm.v4.a.prd.aadg.akadns.net,20.190.163.21,*FB1823,A,False,58s,2023-11-17 09:45:48 WIB
sconf.cloud.360safe.com.awsr53.qihucdn.com,54.179.136.136,*FB1827,A,False,33s,2023-11-17 09:45:48 WIB
v3.tiktokcdn.com,v3.tiktokcdn.com.queniuaa.com,*FB1828,CNAME,False,13m40s,2023-11-17 09:45:48 WIB
cl.vd.cloud.360safe.com,up.cloud.360safe.com,*FB1833,CNAME,False,36s,2023-11-17 09:45:48 WIB
up.cloud.360safe.com,up.cloud.os-lb.com,*FB1834,CNAME,False,37s,2023-11-17 09:45:48 WIB
staticview.msn.com,staticview.msn.com.edgekey.net,*FB183F,CNAME,False,13m43s,2023-11-17 09:45:48 WIB
youtube.com,172.217.194.93,*FB184B,A,False,0s,2023-11-17 09:45:48 WIB
youtube.com,172.217.194.190,*FB184C,A,False,0s,2023-11-17 09:45:48 WIB
youtube.com,172.217.194.91,*FB184D,A,False,0s,2023-11-17 09:45:48 WIB
youtube.com,172.217.194.136,*FB184E,A,False,0s,2023-11-17 09:45:48 WIB
promo.api.axis.co.id,lb.api.axisnet.xlaxiata.id,*FB184F,CNAME,False,13m47s,2023-11-17 09:45:48 WIB
profile.api.axis.co.id,lb.api.axisnet.xlaxiata.id,*FB1850,CNAME,False,13m47s,2023-11-17 09:45:48 WIB
nq.api.axis.co.id,lb.api.axisnet.xlaxiata.id,*FB1851,CNAME,False,13m47s,2023-11-17 09:45:48 WIB
balance.api.axis.co.id,lb.api.axisnet.xlaxiata.id,*FB1852,CNAME,False,13m47s,2023-11-17 09:45:48 WIB
persona.api.axis.co.id,lb.api.axisnet.xlaxiata.id,*FB1853,CNAME,False,13m47s,2023-11-17 09:45:48 WIB
products.api.axis.co.id,lb.api.axisnet.xlaxiata.id,*FB1854,CNAME,False,13m47s,2023-11-17 09:45:48 WIB
points.api.axis.co.id.cdn.cloudflare.net,a027a4769e16f481595e7d0b3154eead-c55410e7e20ebe0a.elb.ap-southeast-1.amazonaws.com,*FB1861,CNAME,False,21s,2023-11-17 09:45:48 WIB
www.google.cn,172.253.118.94,*FB1864,A,False,3m,2023-11-17 09:45:48 WIB
asia-vcode-od.vivoglobal.com,d16zsnkpeppj4x.cloudfront.net,*FB1869,CNAME,False,4m2s,2023-11-17 09:45:48 WIB
prod-campaignaggregator.omexexternallfb.office.net.akadns.net,52.111.240.11,*FB186F,A,False,23s,2023-11-17 09:45:48 WIB
wildcard.weather.microsoft.com.edgekey.net,e15275.g.akamaiedge.net,*FB1873,CNAME,False,12m24s,2023-11-17 09:45:48 WIB
time.windows.com,twc.trafficmanager.net,*FB1875,CNAME,False,2m9s,2023-11-17 09:45:48 WIB
twc.trafficmanager.net,52.148.114.188,*FB1876,A,False,5m8s,2023-11-17 09:45:48 WIB
nleditor.osi.office.net,prod1.naturallanguageeditorservice.osi.office.net.akadns.net,*FB1877,CNAME,False,13m59s,2023-11-17 09:45:48 WIB
www.cloudflare.com,104.16.123.96,*FB1880,A,False,2m26s,2023-11-17 09:45:48 WIB
www.cloudflare.com,104.16.124.96,*FB1881,A,False,2m26s,2023-11-17 09:45:48 WIB
fg.download.windowsupdate.com.c.footprint.net,8.241.154.254,*FB1882,A,False,2m41s,2023-11-17 09:45:48 WIB
fg.download.windowsupdate.com.c.footprint.net,8.247.50.126,*FB1883,A,False,2m41s,2023-11-17 09:45:48 WIB
fg.download.windowsupdate.com.c.footprint.net,8.247.49.126,*FB1884,A,False,2m41s,2023-11-17 09:45:48 WIB
fg.download.windowsupdate.com.c.footprint.net,8.241.134.254,*FB1885,A,False,2m41s,2023-11-17 09:45:48 WIB
fg.download.windowsupdate.com.c.footprint.net,8.241.130.126,*FB1886,A,False,2m41s,2023-11-17 09:45:48 WIB
mobile.events.data.microsoft.com,mobile.events.data.trafficmanager.net,*FB1887,CNAME,False,28s,2023-11-17 09:45:48 WIB
www.googleapis.com,142.250.4.95,*FB188B,A,False,2m33s,2023-11-17 09:45:48 WIB
www.googleapis.com,74.125.24.95,*FB188C,A,False,2m33s,2023-11-17 09:45:48 WIB
www.googleapis.com,74.125.130.95,*FB188D,A,False,2m33s,2023-11-17 09:45:48 WIB
www.googleapis.com,74.125.68.95,*FB188E,A,False,2m33s,2023-11-17 09:45:48 WIB
www.googleapis.com,172.253.118.95,*FB188F,A,False,2m33s,2023-11-17 09:45:48 WIB
www.googleapis.com,172.217.194.95,*FB1890,A,False,2m33s,2023-11-17 09:45:48 WIB
www.googleapis.com,74.125.200.95,*FB1891,A,False,2m33s,2023-11-17 09:45:48 WIB
www.googleapis.com,64.233.170.95,*FB1892,A,False,2m33s,2023-11-17 09:45:48 WIB
www.googleapis.com,142.251.12.95,*FB1893,A,False,2m33s,2023-11-17 09:45:48 WIB
www.googleapis.com,142.251.175.95,*FB1894,A,False,2m33s,2023-11-17 09:45:48 WIB
www.googleapis.com,142.251.10.95,*FB1895,A,False,2m33s,2023-11-17 09:45:48 WIB
history.google.com,history.l.google.com,*FB1897,CNAME,False,3m9s,2023-11-17 09:45:48 WIB
uvyz.norak.us,10.79.20.104,*FB189B,A,False,3m34s,2023-11-17 09:45:48 WIB
playatoms-pa.googleapis.com,142.251.175.95,*FB189C,A,False,3m47s,2023-11-17 09:45:48 WIB
playatoms-pa.googleapis.com,172.253.118.95,*FB189D,A,False,3m47s,2023-11-17 09:45:48 WIB
playatoms-pa.googleapis.com,142.251.10.95,*FB189E,A,False,3m47s,2023-11-17 09:45:48 WIB
playatoms-pa.googleapis.com,142.251.12.95,*FB189F,A,False,3m47s,2023-11-17 09:45:48 WIB
playatoms-pa.googleapis.com,74.125.24.95,*FB18A0,A,False,3m47s,2023-11-17 09:45:48 WIB
playatoms-pa.googleapis.com,74.125.200.95,*FB18A1,A,False,3m47s,2023-11-17 09:45:48 WIB
playatoms-pa.googleapis.com,64.233.170.95,*FB18A2,A,False,3m47s,2023-11-17 09:45:48 WIB
playatoms-pa.googleapis.com,172.217.194.95,*FB18A3,A,False,3m47s,2023-11-17 09:45:48 WIB
playatoms-pa.googleapis.com,142.250.4.95,*FB18A4,A,False,3m47s,2023-11-17 09:45:48 WIB
playatoms-pa.googleapis.com,74.125.130.95,*FB18A5,A,False,3m47s,2023-11-17 09:45:48 WIB
playatoms-pa.googleapis.com,74.125.68.95,*FB18A6,A,False,3m47s,2023-11-17 09:45:48 WIB
i.ytimg.com,172.217.194.119,*FB18A7,A,False,3m16s,2023-11-17 09:45:48 WIB
i.ytimg.com,142.251.175.119,*FB18A8,A,False,3m16s,2023-11-17 09:45:48 WIB
i.ytimg.com,74.125.24.119,*FB18A9,A,False,3m16s,2023-11-17 09:45:48 WIB
i.ytimg.com,64.233.170.119,*FB18AA,A,False,3m16s,2023-11-17 09:45:48 WIB
i.ytimg.com,172.253.118.119,*FB18AB,A,False,3m16s,2023-11-17 09:45:48 WIB
i.ytimg.com,74.125.200.119,*FB18AC,A,False,3m16s,2023-11-17 09:45:48 WIB
i.ytimg.com,142.251.10.119,*FB18AD,A,False,3m16s,2023-11-17 09:45:48 WIB
i.ytimg.com,74.125.130.119,*FB18AE,A,False,3m16s,2023-11-17 09:45:48 WIB
i.ytimg.com,74.125.68.119,*FB18AF,A,False,3m16s,2023-11-17 09:45:48 WIB
i.ytimg.com,142.251.12.119,*FB18B0,A,False,3m16s,2023-11-17 09:45:48 WIB
i.ytimg.com,142.250.4.119,*FB18B1,A,False,3m16s,2023-11-17 09:45:48 WIB
ssl.gstatic.com,74.125.200.94,*FB18C7,A,False,1m29s,2023-11-17 09:45:48 WIB
userlocation.googleapis.com,142.251.12.95,*FB18C8,A,False,1m14s,2023-11-17 09:45:48 WIB
userlocation.googleapis.com,172.217.194.95,*FB18C9,A,False,1m14s,2023-11-17 09:45:48 WIB
userlocation.googleapis.com,74.125.24.95,*FB18CA,A,False,1m14s,2023-11-17 09:45:48 WIB
userlocation.googleapis.com,74.125.68.95,*FB18CB,A,False,1m14s,2023-11-17 09:45:48 WIB
userlocation.googleapis.com,74.125.130.95,*FB18CC,A,False,1m14s,2023-11-17 09:45:48 WIB
userlocation.googleapis.com,64.233.170.95,*FB18CD,A,False,1m14s,2023-11-17 09:45:48 WIB
userlocation.googleapis.com,142.251.175.95,*FB18CE,A,False,1m14s,2023-11-17 09:45:48 WIB
userlocation.googleapis.com,142.251.10.95,*FB18CF,A,False,1m14s,2023-11-17 09:45:48 WIB
userlocation.googleapis.com,142.250.4.95,*FB18D0,A,False,1m14s,2023-11-17 09:45:48 WIB
userlocation.googleapis.com,74.125.200.95,*FB18D1,A,False,1m14s,2023-11-17 09:45:48 WIB
userlocation.googleapis.com,172.253.118.95,*FB18D2,A,False,1m14s,2023-11-17 09:45:48 WIB
st.wshareit.com,119.8.170.213,*FB18D3,A,False,1m14s,2023-11-17 09:45:48 WIB
plenty.vidio.com,34.111.228.151,*FB18D7,A,False,37s,2023-11-17 09:45:48 WIB
go.microsoft.com,go.microsoft.com.edgekey.net,*FB18D8,CNAME,False,14m12s,2023-11-17 09:45:48 WIB
go.microsoft.com.edgekey.net,e11290.dspg.akamaiedge.net,*FB18D9,CNAME,False,6m16s,2023-11-17 09:45:48 WIB
api.vidio.com,api.vidio.com.edgesuite.net,*FB18E3,CNAME,False,2m21s,2023-11-17 09:45:48 WIB
hermes.vidio.com,34.117.241.252,*FB18E7,A,False,7s,2023-11-17 09:45:48 WIB
e-learning.unpam.ac.id,27.50.17.2,*FB18EC,A,False,1m17s,2023-11-17 09:45:48 WIB
instagram.c10r.instagram.com,163.70.153.63,*FB18ED,A,False,1m21s,2023-11-17 09:45:48 WIB
a1887.v.akamai.net,203.161.21.17,*FB18EE,A,False,3m26s,2023-11-17 09:45:48 WIB
a1887.v.akamai.net,203.161.21.16,*FB18EF,A,False,3m26s,2023-11-17 09:45:48 WIB
a2047.mm2.akamai.net,203.161.21.176,*FB18F9,A,False,3m23s,2023-11-17 09:45:48 WIB
a2047.mm2.akamai.net,203.161.21.178,*FB18FA,A,False,3m23s,2023-11-17 09:45:48 WIB
a2047.mm2.akamai.net,203.161.21.168,*FB18FB,A,False,3m23s,2023-11-17 09:45:48 WIB
a2047.mm2.akamai.net,203.161.21.179,*FB18FC,A,False,3m23s,2023-11-17 09:45:48 WIB
a2047.mm2.akamai.net,203.161.21.187,*FB18FD,A,False,3m23s,2023-11-17 09:45:48 WIB
a2047.mm2.akamai.net,203.161.21.170,*FB18FE,A,False,3m23s,2023-11-17 09:45:48 WIB
a2047.mm2.akamai.net,203.161.21.186,*FB18FF,A,False,3m23s,2023-11-17 09:45:48 WIB
a2047.mm2.akamai.net,203.161.21.177,*FB1900,A,False,3m23s,2023-11-17 09:45:48 WIB
a2047.mm2.akamai.net,203.161.21.184,*FB1901,A,False,3m23s,2023-11-17 09:45:48 WIB
p16-oec-common-useast2a.ibyteimg.com,p16-oec-common-useast2a.ibyteimg.com.edgesuite.net,*FB1902,CNAME,False,39s,2023-11-17 09:45:48 WIB
a1837.b.akamai.net,23.221.50.18,*FB1903,A,False,57s,2023-11-17 09:45:48 WIB
a1837.b.akamai.net,23.221.50.40,*FB1904,A,False,57s,2023-11-17 09:45:48 WIB
p16-sg.tiktokcdn.com,p16-sg.tiktokcdn.com.akamaized.net,*FB1908,CNAME,False,14m16s,2023-11-17 09:45:48 WIB
p16-sg.tiktokcdn.com.akamaized.net,a2047.mm2.akamai.net,*FB1909,CNAME,False,14m16s,2023-11-17 09:45:48 WIB
p16-useast2a.tiktokcdn.com,p16-useast2a.tiktokcdn.com.akamaized.net,*FB190A,CNAME,False,14m16s,2023-11-17 09:45:48 WIB
p16-useast2a.tiktokcdn.com.akamaized.net,a1826.v.akamai.net,*FB190B,CNAME,False,14m16s,2023-11-17 09:45:48 WIB
static-playback.prod.vidiocdn.com,static-playback.prod.vidiocdn.com.edgesuite.net,*FB190F,CNAME,False,0s,2023-11-17 09:45:48 WIB
appcloud.mcafee.com,macapp-prd-frontend-382044997.us-west-2.elb.amazonaws.com,*FB191D,CNAME,False,0s,2023-11-17 09:45:48 WIB
macapp-prd-frontend-382044997.us-west-2.elb.amazonaws.com,35.162.218.114,*FB191E,A,False,0s,2023-11-17 09:45:48 WIB
macapp-prd-frontend-382044997.us-west-2.elb.amazonaws.com,52.36.176.217,*FB191F,A,False,0s,2023-11-17 09:45:48 WIB
macapp-prd-frontend-382044997.us-west-2.elb.amazonaws.com,44.228.93.102,*FB1920,A,False,0s,2023-11-17 09:45:48 WIB
macapp-prd-frontend-382044997.us-west-2.elb.amazonaws.com,35.166.49.147,*FB1921,A,False,0s,2023-11-17 09:45:48 WIB
macapp-prd-frontend-382044997.us-west-2.elb.amazonaws.com,35.82.163.190,*FB1922,A,False,0s,2023-11-17 09:45:48 WIB
macapp-prd-frontend-382044997.us-west-2.elb.amazonaws.com,52.37.180.101,*FB1923,A,False,0s,2023-11-17 09:45:48 WIB
macapp-prd-frontend-382044997.us-west-2.elb.amazonaws.com,35.165.151.58,*FB1924,A,False,0s,2023-11-17 09:45:48 WIB
macapp-prd-frontend-382044997.us-west-2.elb.amazonaws.com,54.200.89.202,*FB1925,A,False,0s,2023-11-17 09:45:48 WIB
a866.dscd.akamai.net,203.161.21.11,*FB192B,A,False,0s,2023-11-17 09:45:48 WIB
a866.dscd.akamai.net,203.161.21.16,*FB192C,A,False,0s,2023-11-17 09:45:48 WIB
mon.tiktokv.com,mon.tiktokv.com.ttdns2.com,*FB192D,CNAME,False,1m42s,2023-11-17 09:45:48 WIB
dns.msftncsi.com,131.107.255.255,*FB1932,A,False,0s,2023-11-17 09:45:48 WIB
outlookmobile-office365-tas.msedge.net,outlookmobile-office365-tas-msedge-net.e-0009.e-msedge.net,*FB1937,CNAME,False,14m22s,2023-11-17 09:45:48 WIB
conn-service-us-05.allawnos.com,conn-service-us-05.allawnos.com.edgesuite.net,*FB193A,CNAME,False,14m23s,2023-11-17 09:45:48 WIB
conn-service-us-05.allawnos.com.edgesuite.net,a1988.d.akamai.net,*FB193B,CNAME,False,14m23s,2023-11-17 09:45:48 WIB
conn-service-us-04.allawnos.com,conn-service-us-04.allawnos.com.edgesuite.net,*FB193F,CNAME,False,14m23s,2023-11-17 09:45:48 WIB
conn-service-us-04.allawnos.com.edgesuite.net,a1847.d.akamai.net,*FB1940,CNAME,False,14m23s,2023-11-17 09:45:48 WIB
a1847.d.akamai.net,203.161.21.17,*FB1941,A,False,1m42s,2023-11-17 09:45:48 WIB
a1847.d.akamai.net,203.161.21.8,*FB1942,A,False,1m42s,2023-11-17 09:45:48 WIB
sgp-bigdata-obus-nlb-fo-afmlmq3-9af9fb0cf76f97c1.elb.ap-southeast-1.amazonaws.com,54.255.209.114,*FB1945,A,False,17s,2023-11-17 09:45:48 WIB
sgp-bigdata-obus-nlb-fo-afmlmq3-9af9fb0cf76f97c1.elb.ap-southeast-1.amazonaws.com,52.77.44.204,*FB1946,A,False,17s,2023-11-17 09:45:48 WIB
sgp-bigdata-obus-nlb-fo-afmlmq3-9af9fb0cf76f97c1.elb.ap-southeast-1.amazonaws.com,3.1.182.231,*FB1947,A,False,17s,2023-11-17 09:45:48 WIB
appconf.heytapdownload.com.ctdns.cn,124.232.233.178,*FB1949,A,False,28s,2023-11-17 09:45:48 WIB
appconf.heytapdownload.com.ctdns.cn,124.232.233.181,*FB194A,A,False,28s,2023-11-17 09:45:48 WIB
appconf.heytapdownload.com.ctdns.cn,124.232.233.180,*FB194B,A,False,28s,2023-11-17 09:45:48 WIB
appconf.heytapdownload.com.ctdns.cn,124.232.233.179,*FB194C,A,False,28s,2023-11-17 09:45:48 WIB
i.isnssdk.com.edgekey.net,e25691.a.akamaiedge.net,*FB194E,CNAME,False,14m28s,2023-11-17 09:45:48 WIB
sgp-gamecenter-heytaomobi-pubgw-2034124005.ap-southeast-1.elb.amazonaws.com,54.179.177.140,*FB195A,A,False,0s,2023-11-17 09:45:48 WIB
sgp-gamecenter-heytaomobi-pubgw-2034124005.ap-southeast-1.elb.amazonaws.com,52.76.211.129,*FB195B,A,False,0s,2023-11-17 09:45:48 WIB
sgp-gamecenter-heytaomobi-pubgw-2034124005.ap-southeast-1.elb.amazonaws.com,52.76.108.129,*FB195C,A,False,0s,2023-11-17 09:45:48 WIB
sgp-gamecenter-heytaomobi-pubgw-2034124005.ap-southeast-1.elb.amazonaws.com,52.220.158.30,*FB195D,A,False,0s,2023-11-17 09:45:48 WIB
sgp-gamecenter-heytaomobi-pubgw-2034124005.ap-southeast-1.elb.amazonaws.com,18.139.220.207,*FB195E,A,False,0s,2023-11-17 09:45:48 WIB
sgp-gamecenter-heytaomobi-pubgw-2034124005.ap-southeast-1.elb.amazonaws.com,18.140.209.166,*FB195F,A,False,0s,2023-11-17 09:45:48 WIB
mdp-appconf-sg.heytapdl.com,heytapdl.com.akamaized.net,*FB1960,CNAME,False,0s,2023-11-17 09:45:48 WIB
sgp-usercenter-heytapmobi-pubgw-1476972677.ap-southeast-1.elb.amazonaws.com,52.74.76.59,*FB1962,A,False,13s,2023-11-17 09:45:48 WIB
sgp-usercenter-heytapmobi-pubgw-1476972677.ap-southeast-1.elb.amazonaws.com,18.136.157.195,*FB1963,A,False,13s,2023-11-17 09:45:48 WIB
sgp-usercenter-heytapmobi-pubgw-1476972677.ap-southeast-1.elb.amazonaws.com,18.139.205.111,*FB1964,A,False,13s,2023-11-17 09:45:48 WIB
sgp-usercenter-heytapmobi-pubgw-1476972677.ap-southeast-1.elb.amazonaws.com,52.77.7.19,*FB1965,A,False,13s,2023-11-17 09:45:48 WIB
server11.trumops.com,34.174.61.199,*FB196A,A,False,0s,2023-11-17 09:45:48 WIB
storage-abm.bppp.kemdikbud.go.id,34.120.195.34,*FB196B,A,False,0s,2023-11-17 09:45:48 WIB
play.google.com,74.125.68.113,*FB196E,A,False,3m10s,2023-11-17 09:45:48 WIB
play.google.com,74.125.68.102,*FB196F,A,False,3m10s,2023-11-17 09:45:48 WIB
play.google.com,74.125.68.100,*FB1970,A,False,3m10s,2023-11-17 09:45:48 WIB
play.google.com,74.125.68.138,*FB1971,A,False,3m10s,2023-11-17 09:45:48 WIB
play.google.com,74.125.68.101,*FB1972,A,False,3m10s,2023-11-17 09:45:48 WIB
play.google.com,74.125.68.139,*FB1973,A,False,3m10s,2023-11-17 09:45:48 WIB
swim.zetfans.com,3.64.163.50,*FB1975,A,False,9s,2023-11-17 09:45:48 WIB
www.google.it,172.253.118.94,*FB1976,A,False,8s,2023-11-17 09:45:48 WIB
watson.events.data.microsoft.com,blobcollectorcommon.trafficmanager.net,*FB1979,CNAME,False,14m41s,2023-11-17 09:45:48 WIB
blobcollectorcommon.trafficmanager.net,onedsblobprdeus16.eastus.cloudapp.azure.com,*FB197A,CNAME,False,3m1s,2023-11-17 09:45:48 WIB
onedsblobprdeus16.eastus.cloudapp.azure.com,52.168.117.173,*FB197B,A,False,0s,2023-11-17 09:45:48 WIB
mcd270n310.karere.mega.nz,66.203.125.56,*FB197C,A,False,14s,2023-11-17 09:45:48 WIB
self.events.data.microsoft.com,self-events-data.trafficmanager.net,*FB197E,CNAME,False,0s,2023-11-17 09:45:48 WIB
self-events-data.trafficmanager.net,onedscolprdcus09.centralus.cloudapp.azure.com,*FB197F,CNAME,False,0s,2023-11-17 09:45:48 WIB
onedscolprdcus09.centralus.cloudapp.azure.com,13.89.179.9,*FB1980,A,False,50s,2023-11-17 09:45:48 WIB
beacons.gvt2.com,74.125.130.94,*FB1981,A,False,13s,2023-11-17 09:45:48 WIB
v10.events.data.microsoft.com,win-global-asimov-leafs-events-data.trafficmanager.net,*FB1983,CNAME,False,0s,2023-11-17 09:45:48 WIB
win-global-asimov-leafs-events-data.trafficmanager.net,onedscolprdfrc06.francecentral.cloudapp.azure.com,*FB1984,CNAME,False,0s,2023-11-17 09:45:48 WIB
onedscolprdfrc06.francecentral.cloudapp.azure.com,40.79.141.154,*FB1985,A,False,0s,2023-11-17 09:45:48 WIB
client-uc.heytapmobi.com,sgp-usercenter-heytapmobi-pubgw-1476972677.ap-southeast-1.elb.amazonaws.com,*FB1986,CNAME,False,0s,2023-11-17 09:45:48 WIB
core.sistemadorado.com,104.26.7.33,*FB1987,A,False,21s,2023-11-17 09:45:48 WIB
core.sistemadorado.com,172.67.69.100,*FB1988,A,False,21s,2023-11-17 09:45:48 WIB
core.sistemadorado.com,104.26.6.33,*FB1989,A,False,21s,2023-11-17 09:45:48 WIB
self-events-data.trafficmanager.net,onedscolprdcus08.centralus.cloudapp.azure.com,*FB198B,CNAME,False,7s,2023-11-17 09:45:48 WIB
i.instagram.com,instagram.c10r.instagram.com,*FB198C,CNAME,False,14m58s,2023-11-17 09:45:48 WIB
z-p42-instagram.c10r.instagram.com,163.70.153.174,*FB198D,A,False,2m34s,2023-11-17 09:45:48 WIB
pull-f5-tt03.fcdn.eu.tiktokcdn.com,pull-f5-tt03.fcdn.eu.tiktokcdn.com.c.bytefcdn-ttpeu.com,*FB198E,CNAME,False,5s,2023-11-17 09:45:48 WIB
pull-f5-tt03.fcdn.eu.tiktokcdn.com.c.bytefcdn-ttpeu.com,pull-base5.s.bytefcdn-ttpeu.com,*FB198F,CNAME,False,23s,2023-11-17 09:45:48 WIB
pull-base5.s.bytefcdn-ttpeu.com,207.211.211.117,*FB1990,A,False,25s,2023-11-17 09:45:48 WIB
pull-base5.s.bytefcdn-ttpeu.com,207.211.211.103,*FB1991,A,False,25s,2023-11-17 09:45:48 WIB
pull-base5.s.bytefcdn-ttpeu.com,212.102.56.97,*FB1992,A,False,25s,2023-11-17 09:45:48 WIB
pull-base5.s.bytefcdn-ttpeu.com,207.211.211.109,*FB1993,A,False,25s,2023-11-17 09:45:48 WIB
pull-base5.s.bytefcdn-ttpeu.com,212.102.56.96,*FB1994,A,False,25s,2023-11-17 09:45:48 WIB
pull-base5.s.bytefcdn-ttpeu.com,207.211.211.98,*FB1995,A,False,25s,2023-11-17 09:45:48 WIB
pull-base5.s.bytefcdn-ttpeu.com,207.211.211.106,*FB1996,A,False,25s,2023-11-17 09:45:48 WIB
pull-base5.s.bytefcdn-ttpeu.com,212.102.56.93,*FB1997,A,False,25s,2023-11-17 09:45:48 WIB
pull-base5.s.bytefcdn-ttpeu.com,207.211.211.107,*FB1998,A,False,25s,2023-11-17 09:45:48 WIB
pull-base5.s.bytefcdn-ttpeu.com,207.211.211.122,*FB1999,A,False,25s,2023-11-17 09:45:48 WIB
pull-base5.s.bytefcdn-ttpeu.com,207.211.211.121,*FB199A,A,False,25s,2023-11-17 09:45:48 WIB
pull-base5.s.bytefcdn-ttpeu.com,207.211.211.105,*FB199B,A,False,25s,2023-11-17 09:45:48 WIB
pull-base5.s.bytefcdn-ttpeu.com,207.211.211.99,*FB199C,A,False,25s,2023-11-17 09:45:48 WIB
pull-base5.s.bytefcdn-ttpeu.com,207.211.211.123,*FB199D,A,False,25s,2023-11-17 09:45:48 WIB
pull-base5.s.bytefcdn-ttpeu.com,207.211.211.104,*FB199E,A,False,25s,2023-11-17 09:45:48 WIB
pull-c5-gcp01.tiktokcdn.com.c.bytefcdn-ttpeu.com,pull-base1.s.bytefcdn-ttpeu.com,*FB199F,CNAME,False,15s,2023-11-17 09:45:48 WIB
pull-base1.s.bytefcdn-ttpeu.com,207.211.211.108,*FB19A0,A,False,5s,2023-11-17 09:45:48 WIB
pull-base1.s.bytefcdn-ttpeu.com,207.211.211.111,*FB19A1,A,False,5s,2023-11-17 09:45:48 WIB
pull-base1.s.bytefcdn-ttpeu.com,207.211.211.102,*FB19A2,A,False,5s,2023-11-17 09:45:48 WIB
pull-base1.s.bytefcdn-ttpeu.com,207.211.211.117,*FB19A3,A,False,5s,2023-11-17 09:45:48 WIB
pull-base1.s.bytefcdn-ttpeu.com,212.102.56.96,*FB19A4,A,False,5s,2023-11-17 09:45:48 WIB
pull-base1.s.bytefcdn-ttpeu.com,109.61.80.83,*FB19A5,A,False,5s,2023-11-17 09:45:48 WIB
pull-base1.s.bytefcdn-ttpeu.com,207.211.211.110,*FB19A6,A,False,5s,2023-11-17 09:45:48 WIB
pull-base1.s.bytefcdn-ttpeu.com,212.102.56.94,*FB19A7,A,False,5s,2023-11-17 09:45:48 WIB
pull-base1.s.bytefcdn-ttpeu.com,207.211.211.112,*FB19A8,A,False,5s,2023-11-17 09:45:48 WIB
pull-base1.s.bytefcdn-ttpeu.com,207.211.211.104,*FB19A9,A,False,5s,2023-11-17 09:45:48 WIB
pull-base1.s.bytefcdn-ttpeu.com,207.211.211.123,*FB19AA,A,False,5s,2023-11-17 09:45:48 WIB
pull-base1.s.bytefcdn-ttpeu.com,207.211.211.106,*FB19AB,A,False,5s,2023-11-17 09:45:48 WIB
pull-base1.s.bytefcdn-ttpeu.com,207.211.211.109,*FB19AC,A,False,5s,2023-11-17 09:45:48 WIB
pull-base1.s.bytefcdn-ttpeu.com,207.211.211.98,*FB19AD,A,False,5s,2023-11-17 09:45:48 WIB
pull-base1.s.bytefcdn-ttpeu.com,207.211.211.116,*FB19AE,A,False,5s,2023-11-17 09:45:48 WIB
pull-cmaf-f16-sg01.tiktokcdn.com,pull-cmaf-f16-sg01.tiktokcdn.com.akamaized.net,*FB19AF,CNAME,False,4s,2023-11-17 09:45:48 WIB
a1857.z.akamai.net,210.210.145.16,*FB19B0,A,False,0s,2023-11-17 09:45:48 WIB
a1857.z.akamai.net,210.210.145.18,*FB19B1,A,False,0s,2023-11-17 09:45:48 WIB
pull-flv-f77-tt02.tiktokcdn.com,1317736778.rsc.cdn77.org,*FB19B2,CNAME,False,2m24s,2023-11-17 09:45:48 WIB
1317736778.rsc.cdn77.org,79.127.213.228,*FB19B3,A,False,13s,2023-11-17 09:45:48 WIB
1317736778.rsc.cdn77.org,79.127.213.226,*FB19B4,A,False,13s,2023-11-17 09:45:48 WIB
1317736778.rsc.cdn77.org,79.127.213.229,*FB19B5,A,False,13s,2023-11-17 09:45:48 WIB
1317736778.rsc.cdn77.org,79.127.213.227,*FB19B6,A,False,13s,2023-11-17 09:45:48 WIB
1317736778.rsc.cdn77.org,79.127.213.225,*FB19B7,A,False,13s,2023-11-17 09:45:48 WIB
pull-flv-l77-gcp01.tiktokcdn-us.com,1365538595.rsc.cdn77.org,*FB19B8,CNAME,False,0s,2023-11-17 09:45:48 WIB
1365538595.rsc.cdn77.org,79.127.213.229,*FB19B9,A,False,3s,2023-11-17 09:45:48 WIB
1365538595.rsc.cdn77.org,79.127.213.225,*FB19BA,A,False,3s,2023-11-17 09:45:48 WIB
1365538595.rsc.cdn77.org,79.127.213.227,*FB19BB,A,False,3s,2023-11-17 09:45:48 WIB
1365538595.rsc.cdn77.org,79.127.213.228,*FB19BC,A,False,3s,2023-11-17 09:45:48 WIB
1365538595.rsc.cdn77.org,79.127.213.226,*FB19BD,A,False,3s,2023-11-17 09:45:48 WIB
pull-flv-f77-tt03.fcdn.us.tiktokcdn.com,1431947896.rsc.cdn77.org,*FB19BE,CNAME,False,15s,2023-11-17 09:45:48 WIB
1431947896.rsc.cdn77.org,79.127.213.228,*FB19BF,A,False,9s,2023-11-17 09:45:48 WIB
1431947896.rsc.cdn77.org,79.127.213.229,*FB19C0,A,False,9s,2023-11-17 09:45:48 WIB
1431947896.rsc.cdn77.org,79.127.213.226,*FB19C1,A,False,9s,2023-11-17 09:45:48 WIB
1431947896.rsc.cdn77.org,79.127.213.225,*FB19C2,A,False,9s,2023-11-17 09:45:48 WIB
1431947896.rsc.cdn77.org,79.127.213.227,*FB19C3,A,False,9s,2023-11-17 09:45:48 WIB
pull-cmaf-f16-sg01.ttlivecdn.com,pull-cmaf-f16-sg01.ttlivecdn.com.akamaized.net,*FB19C4,CNAME,False,5m37s,2023-11-17 09:45:48 WIB
a1371.z.akamai.net,210.210.145.75,*FB19C5,A,False,16s,2023-11-17 09:45:48 WIB
a1371.z.akamai.net,210.210.145.16,*FB19C6,A,False,16s,2023-11-17 09:45:48 WIB
pull-flv-l16-gcp01.tiktokcdn.com.atomile.com,138.113.116.39,*FB19C7,A,False,16s,2023-11-17 09:45:48 WIB
pull-flv-f11-sg01.tiktokcdn.com.qlivecdn.com,all.freeflow-f11.sched.ovscdns.net,*FB19C8,CNAME,False,6s,2023-11-17 09:45:48 WIB
all.freeflow-f11.sched.ovscdns.net,103.160.155.55,*FB19C9,A,False,29s,2023-11-17 09:45:48 WIB
all.freeflow-f11.sched.ovscdns.net,43.132.80.195,*FB19CA,A,False,29s,2023-11-17 09:45:48 WIB
all.freeflow-f11.sched.ovscdns.net,43.152.161.241,*FB19CB,A,False,29s,2023-11-17 09:45:48 WIB
all.freeflow-f11.sched.ovscdns.net,43.132.81.144,*FB19CC,A,False,29s,2023-11-17 09:45:48 WIB
all.freeflow-f11.sched.ovscdns.net,43.152.160.231,*FB19CD,A,False,29s,2023-11-17 09:45:48 WIB
all.freeflow-f11.sched.ovscdns.net,103.160.155.61,*FB19CE,A,False,29s,2023-11-17 09:45:48 WIB
all.freeflow-f11.sched.ovscdns.net,43.132.80.207,*FB19CF,A,False,29s,2023-11-17 09:45:48 WIB
pull-o5-va01.fcdn.eu.tiktokcdn.com,pull-o5-va01.fcdn.eu.tiktokcdn.com.c.bytefcdn-ttpeu.com,*FB19D0,CNAME,False,7m33s,2023-11-17 09:45:48 WIB
pull-o5-va01.fcdn.eu.tiktokcdn.com.c.bytefcdn-ttpeu.com,pull-base1.s.bytefcdn-ttpeu.com,*FB19D1,CNAME,False,3m17s,2023-11-17 09:45:48 WIB
pull-flv-f11-gcp01.tiktokcdn.com.qlivecdn.com,all.freeflow-f11.sched.ovscdns.net,*FB19D2,CNAME,False,5s,2023-11-17 09:45:48 WIB
pull-a5-va01.tiktokcdn.com,pull-a5-va01.tiktokcdn.com.c.bytefcdn-oversea.com,*FB19D3,CNAME,False,9s,2023-11-17 09:45:48 WIB
pull-a5-va01.tiktokcdn.com.c.bytefcdn-oversea.com,pull-fcdn-base8.s.bytefcdn-oversea.com,*FB19D4,CNAME,False,22s,2023-11-17 09:45:48 WIB
pull-fcdn-base8.s.bytefcdn-oversea.com,149.104.85.137,*FB19D5,A,False,22s,2023-11-17 09:45:48 WIB
pull-fcdn-base8.s.bytefcdn-oversea.com,149.104.85.136,*FB19D6,A,False,22s,2023-11-17 09:45:48 WIB
pull-fcdn-base8.s.bytefcdn-oversea.com,156.59.162.236,*FB19D7,A,False,22s,2023-11-17 09:45:48 WIB
pull-fcdn-base8.s.bytefcdn-oversea.com,149.104.85.133,*FB19D8,A,False,22s,2023-11-17 09:45:48 WIB
pull-fcdn-base8.s.bytefcdn-oversea.com,149.104.85.132,*FB19D9,A,False,22s,2023-11-17 09:45:48 WIB
pull-fcdn-base8.s.bytefcdn-oversea.com,149.104.85.126,*FB19DA,A,False,22s,2023-11-17 09:45:48 WIB
pull-fcdn-base8.s.bytefcdn-oversea.com,47.89.121.9,*FB19DB,A,False,22s,2023-11-17 09:45:48 WIB
pull-fcdn-base8.s.bytefcdn-oversea.com,149.104.85.131,*FB19DC,A,False,22s,2023-11-17 09:45:48 WIB
pull-fcdn-base8.s.bytefcdn-oversea.com,149.104.85.138,*FB19DD,A,False,22s,2023-11-17 09:45:48 WIB
pull-fcdn-base8.s.bytefcdn-oversea.com,149.104.85.130,*FB19DE,A,False,22s,2023-11-17 09:45:48 WIB
1276298696.rsc.cdn77.org,185.152.65.77,*FB19DF,A,False,4s,2023-11-17 09:45:48 WIB
1276298696.rsc.cdn77.org,185.152.65.96,*FB19E0,A,False,4s,2023-11-17 09:45:48 WIB
1276298696.rsc.cdn77.org,185.152.65.38,*FB19E1,A,False,4s,2023-11-17 09:45:48 WIB
pull-f5-vr-gcp01.tiktokcdn.com,pull-f5-vr-gcp01.tiktokcdn.com.c.bytefcdn-oversea.com,*FB19E2,CNAME,False,9m40s,2023-11-17 09:45:48 WIB
pull-f5-vr-gcp01.tiktokcdn.com.c.bytefcdn-oversea.com,pull-fcdn-base5.s.bytefcdn-oversea.com,*FB19E3,CNAME,False,0s,2023-11-17 09:45:48 WIB
pull-fcdn-base5.s.bytefcdn-oversea.com,149.104.85.129,*FB19E4,A,False,13s,2023-11-17 09:45:48 WIB
pull-fcdn-base5.s.bytefcdn-oversea.com,156.59.162.230,*FB19E5,A,False,13s,2023-11-17 09:45:48 WIB
pull-fcdn-base5.s.bytefcdn-oversea.com,149.104.85.135,*FB19E6,A,False,13s,2023-11-17 09:45:48 WIB
pull-fcdn-base5.s.bytefcdn-oversea.com,156.59.76.166,*FB19E7,A,False,13s,2023-11-17 09:45:48 WIB
pull-fcdn-base5.s.bytefcdn-oversea.com,156.59.248.75,*FB19E8,A,False,13s,2023-11-17 09:45:48 WIB
pull-fcdn-base5.s.bytefcdn-oversea.com,156.59.162.224,*FB19E9,A,False,13s,2023-11-17 09:45:48 WIB
pull-fcdn-base5.s.bytefcdn-oversea.com,156.59.104.28,*FB19EA,A,False,13s,2023-11-17 09:45:48 WIB
pull-fcdn-base5.s.bytefcdn-oversea.com,156.59.162.223,*FB19EB,A,False,13s,2023-11-17 09:45:48 WIB
pull-fcdn-base5.s.bytefcdn-oversea.com,149.104.85.124,*FB19EC,A,False,13s,2023-11-17 09:45:48 WIB
pull-fcdn-base5.s.bytefcdn-oversea.com,149.104.85.125,*FB19ED,A,False,13s,2023-11-17 09:45:48 WIB
pull-fcdn-base5.s.bytefcdn-oversea.com,149.104.85.139,*FB19EE,A,False,13s,2023-11-17 09:45:48 WIB
obus-sg.dc.heytapmobile.com,sgp-bigdata-obus-nlb-fo-afmlmq3-9af9fb0cf76f97c1.elb.ap-southeast-1.amazonaws.com,*FB19EF,CNAME,False,15m,2023-11-17 09:45:48 WIB
pull-flv-f77-tt02-tt03.fcdn.eu.tiktokcdn.com,1826557370.rsc.cdn77.org,*FB19F0,CNAME,False,7m57s,2023-11-17 09:45:48 WIB
1826557370.rsc.cdn77.org,79.127.213.228,*FB19F1,A,False,4s,2023-11-17 09:45:48 WIB
1826557370.rsc.cdn77.org,79.127.213.229,*FB19F2,A,False,4s,2023-11-17 09:45:48 WIB
1826557370.rsc.cdn77.org,79.127.213.225,*FB19F3,A,False,4s,2023-11-17 09:45:48 WIB
1826557370.rsc.cdn77.org,79.127.213.227,*FB19F4,A,False,4s,2023-11-17 09:45:48 WIB
1826557370.rsc.cdn77.org,79.127.213.226,*FB19F5,A,False,4s,2023-11-17 09:45:48 WIB
pull-f5-tt02.tiktokcdn.com,pull-f5-tt02.tiktokcdn.com.c.bytefcdn-oversea.com,*FB19F6,CNAME,False,15m,2023-11-17 09:45:48 WIB
pull-f5-tt02.tiktokcdn.com.c.bytefcdn-oversea.com,pull-fcdn-base4.s.bytefcdn-oversea.com,*FB19F7,CNAME,False,6s,2023-11-17 09:45:48 WIB
pull-o5-sg01.fcdn.eu.tiktokcdn.com,pull-o5-sg01.fcdn.eu.tiktokcdn.com.c.bytefcdn-ttpeu.com,*FB19F8,CNAME,False,8m42s,2023-11-17 09:45:48 WIB
pull-o5-sg01.fcdn.eu.tiktokcdn.com.c.bytefcdn-ttpeu.com,pull-base4.s.bytefcdn-ttpeu.com,*FB19F9,CNAME,False,20s,2023-11-17 09:45:48 WIB
pull-base4.s.bytefcdn-ttpeu.com,207.211.211.107,*FB19FA,A,False,9s,2023-11-17 09:45:48 WIB
pull-base4.s.bytefcdn-ttpeu.com,207.211.211.123,*FB19FB,A,False,9s,2023-11-17 09:45:48 WIB
pull-base4.s.bytefcdn-ttpeu.com,207.211.211.122,*FB19FC,A,False,9s,2023-11-17 09:45:48 WIB
pull-base4.s.bytefcdn-ttpeu.com,207.211.211.95,*FB19FD,A,False,9s,2023-11-17 09:45:48 WIB
pull-base4.s.bytefcdn-ttpeu.com,207.211.211.108,*FB19FE,A,False,9s,2023-11-17 09:45:48 WIB
pull-base4.s.bytefcdn-ttpeu.com,207.211.211.118,*FB19FF,A,False,9s,2023-11-17 09:45:48 WIB
pull-base4.s.bytefcdn-ttpeu.com,207.211.211.99,*FB1A00,A,False,9s,2023-11-17 09:45:48 WIB
pull-base4.s.bytefcdn-ttpeu.com,207.211.211.117,*FB1A01,A,False,9s,2023-11-17 09:45:48 WIB
pull-base4.s.bytefcdn-ttpeu.com,212.102.56.94,*FB1A02,A,False,9s,2023-11-17 09:45:48 WIB
pull-base4.s.bytefcdn-ttpeu.com,207.211.211.103,*FB1A03,A,False,9s,2023-11-17 09:45:48 WIB
pull-base4.s.bytefcdn-ttpeu.com,207.211.211.121,*FB1A04,A,False,9s,2023-11-17 09:45:48 WIB
pull-base4.s.bytefcdn-ttpeu.com,207.211.211.104,*FB1A05,A,False,9s,2023-11-17 09:45:48 WIB
pull-base4.s.bytefcdn-ttpeu.com,207.211.211.109,*FB1A06,A,False,9s,2023-11-17 09:45:48 WIB
pull-base4.s.bytefcdn-ttpeu.com,207.211.211.105,*FB1A07,A,False,9s,2023-11-17 09:45:48 WIB
pull-base4.s.bytefcdn-ttpeu.com,207.211.211.119,*FB1A08,A,False,9s,2023-11-17 09:45:48 WIB
pull-flv-l16-va01.tiktokcdn.com,pull-flv-l16-va01.tiktokcdn.com.atomile.com,*FB1A09,CNAME,False,8m52s,2023-11-17 09:45:48 WIB
pull-flv-l16-va01.tiktokcdn.com.atomile.com,138.113.116.39,*FB1A0A,A,False,28s,2023-11-17 09:45:48 WIB
a1736.z.akamai.net,202.158.0.105,*FB1A0B,A,False,6s,2023-11-17 09:45:48 WIB
a1736.z.akamai.net,103.115.228.8,*FB1A0C,A,False,6s,2023-11-17 09:45:48 WIB
a1736.z.akamai.net,180.178.103.10,*FB1A0D,A,False,6s,2023-11-17 09:45:48 WIB
a1736.z.akamai.net,202.152.1.200,*FB1A0E,A,False,6s,2023-11-17 09:45:48 WIB
pull-cmaf-f16-gcp01.tiktokcdn.com,pull-cmaf-f16-gcp01.tiktokcdn.com.akamaized.net,*FB1A0F,CNAME,False,1m3s,2023-11-17 09:45:48 WIB
pull-cmaf-f16-gcp01.tiktokcdn.com.akamaized.net,a1948.z.akamai.net,*FB1A10,CNAME,False,15m,2023-11-17 09:45:48 WIB
a1948.z.akamai.net,103.115.228.8,*FB1A11,A,False,25s,2023-11-17 09:45:48 WIB
a1948.z.akamai.net,180.178.103.10,*FB1A12,A,False,25s,2023-11-17 09:45:48 WIB
a1948.z.akamai.net,202.158.0.105,*FB1A13,A,False,25s,2023-11-17 09:45:48 WIB
a1948.z.akamai.net,202.152.1.200,*FB1A14,A,False,25s,2023-11-17 09:45:48 WIB
pull-f5-vr-sg01.tiktokcdn.com.c.bytefcdn-oversea.com,pull-fcdn-base6.s.bytefcdn-oversea.com,*FB1A15,CNAME,False,9s,2023-11-17 09:45:48 WIB
pull-fcdn-base6.s.bytefcdn-oversea.com,156.59.76.167,*FB1A16,A,False,15s,2023-11-17 09:45:48 WIB
pull-fcdn-base6.s.bytefcdn-oversea.com,149.104.85.125,*FB1A17,A,False,15s,2023-11-17 09:45:48 WIB
pull-fcdn-base6.s.bytefcdn-oversea.com,156.59.162.219,*FB1A18,A,False,15s,2023-11-17 09:45:48 WIB
pull-fcdn-base6.s.bytefcdn-oversea.com,149.104.85.124,*FB1A19,A,False,15s,2023-11-17 09:45:48 WIB
pull-fcdn-base6.s.bytefcdn-oversea.com,156.59.248.75,*FB1A1A,A,False,15s,2023-11-17 09:45:48 WIB
pull-fcdn-base6.s.bytefcdn-oversea.com,149.104.85.138,*FB1A1B,A,False,15s,2023-11-17 09:45:48 WIB
pull-fcdn-base6.s.bytefcdn-oversea.com,156.59.76.173,*FB1A1C,A,False,15s,2023-11-17 09:45:48 WIB
pull-fcdn-base6.s.bytefcdn-oversea.com,156.59.76.166,*FB1A1D,A,False,15s,2023-11-17 09:45:48 WIB
pull-fcdn-base6.s.bytefcdn-oversea.com,156.59.162.220,*FB1A1E,A,False,15s,2023-11-17 09:45:48 WIB
pull-w5-va01.tiktokcdn.com,pull-w5-va01.tiktokcdn.com.c.bytefcdn-oversea.com,*FB1A1F,CNAME,False,4s,2023-11-17 09:45:48 WIB
pull-w5-va01.tiktokcdn.com.c.bytefcdn-oversea.com,pull-fcdn-base3.s.bytefcdn-oversea.com,*FB1A20,CNAME,False,11s,2023-11-17 09:45:48 WIB
pull-fcdn-base3.s.bytefcdn-oversea.com,149.104.85.132,*FB1A21,A,False,28s,2023-11-17 09:45:48 WIB
pull-fcdn-base3.s.bytefcdn-oversea.com,149.104.85.130,*FB1A22,A,False,28s,2023-11-17 09:45:48 WIB
pull-fcdn-base3.s.bytefcdn-oversea.com,47.89.121.9,*FB1A23,A,False,28s,2023-11-17 09:45:48 WIB
pull-fcdn-base3.s.bytefcdn-oversea.com,156.59.162.236,*FB1A24,A,False,28s,2023-11-17 09:45:48 WIB
pull-fcdn-base3.s.bytefcdn-oversea.com,149.104.85.129,*FB1A25,A,False,28s,2023-11-17 09:45:48 WIB
pull-fcdn-base3.s.bytefcdn-oversea.com,149.104.85.134,*FB1A26,A,False,28s,2023-11-17 09:45:48 WIB
pull-fcdn-base3.s.bytefcdn-oversea.com,149.104.85.124,*FB1A27,A,False,28s,2023-11-17 09:45:48 WIB
pull-fcdn-base3.s.bytefcdn-oversea.com,149.104.85.136,*FB1A28,A,False,28s,2023-11-17 09:45:48 WIB
pull-fcdn-base3.s.bytefcdn-oversea.com,149.104.85.137,*FB1A29,A,False,28s,2023-11-17 09:45:48 WIB
a1577.z.akamai.net,210.210.145.83,*FB1A2A,A,False,14s,2023-11-17 09:45:48 WIB
a1577.z.akamai.net,210.210.145.74,*FB1A2B,A,False,14s,2023-11-17 09:45:48 WIB
pull-c5-va01.tiktokcdn.com.c.bytetcdn.com,pull-fcdn-va-global4.s.bytetcdn.com,*FB1A2C,CNAME,False,7s,2023-11-17 09:45:48 WIB
pull-fcdn-va-global4.s.bytetcdn.com,156.59.248.50,*FB1A2D,A,False,24s,2023-11-17 09:45:48 WIB
pull-fcdn-va-global4.s.bytetcdn.com,156.59.248.71,*FB1A2E,A,False,24s,2023-11-17 09:45:48 WIB
pull-fcdn-va-global4.s.bytetcdn.com,156.59.162.114,*FB1A2F,A,False,24s,2023-11-17 09:45:48 WIB
pull-fcdn-va-global4.s.bytetcdn.com,156.59.248.73,*FB1A30,A,False,24s,2023-11-17 09:45:48 WIB
pull-fcdn-va-global4.s.bytetcdn.com,156.59.248.70,*FB1A31,A,False,24s,2023-11-17 09:45:48 WIB
pull-fcdn-va-global4.s.bytetcdn.com,156.59.162.117,*FB1A32,A,False,24s,2023-11-17 09:45:48 WIB
pull-fcdn-va-global4.s.bytetcdn.com,156.59.248.72,*FB1A33,A,False,24s,2023-11-17 09:45:48 WIB
pull-fcdn-va-global4.s.bytetcdn.com,156.59.248.51,*FB1A34,A,False,24s,2023-11-17 09:45:48 WIB
pull-fcdn-va-global4.s.bytetcdn.com,156.59.248.75,*FB1A35,A,False,24s,2023-11-17 09:45:48 WIB
pull-fcdn-va-global4.s.bytetcdn.com,156.59.248.74,*FB1A36,A,False,24s,2023-11-17 09:45:48 WIB
1453470831.rsc.cdn77.org,79.127.213.229,*FB1A37,A,False,8s,2023-11-17 09:45:48 WIB
1453470831.rsc.cdn77.org,79.127.213.225,*FB1A38,A,False,8s,2023-11-17 09:45:48 WIB
1453470831.rsc.cdn77.org,79.127.213.226,*FB1A39,A,False,8s,2023-11-17 09:45:48 WIB
1453470831.rsc.cdn77.org,79.127.213.228,*FB1A3A,A,False,8s,2023-11-17 09:45:48 WIB
1453470831.rsc.cdn77.org,79.127.213.227,*FB1A3B,A,False,8s,2023-11-17 09:45:48 WIB
a21.z.akamai.net,210.210.145.88,*FB1A3C,A,False,18s,2023-11-17 09:45:48 WIB
a21.z.akamai.net,210.210.145.72,*FB1A3D,A,False,18s,2023-11-17 09:45:48 WIB
pull-flv-f77-va01.tiktokcdn.com,1655932307.rsc.cdn77.org,*FB1A3E,CNAME,False,6s,2023-11-17 09:45:48 WIB
1655932307.rsc.cdn77.org,79.127.213.227,*FB1A3F,A,False,6s,2023-11-17 09:45:48 WIB
1655932307.rsc.cdn77.org,79.127.213.229,*FB1A40,A,False,6s,2023-11-17 09:45:48 WIB
1655932307.rsc.cdn77.org,79.127.213.226,*FB1A41,A,False,6s,2023-11-17 09:45:48 WIB
1655932307.rsc.cdn77.org,79.127.213.228,*FB1A42,A,False,6s,2023-11-17 09:45:48 WIB
1655932307.rsc.cdn77.org,79.127.213.225,*FB1A43,A,False,6s,2023-11-17 09:45:48 WIB
1447723502.rsc.cdn77.org,185.152.65.38,*FB1A44,A,False,10s,2023-11-17 09:45:48 WIB
1447723502.rsc.cdn77.org,185.152.65.76,*FB1A45,A,False,10s,2023-11-17 09:45:48 WIB
1447723502.rsc.cdn77.org,185.152.65.96,*FB1A46,A,False,10s,2023-11-17 09:45:48 WIB
